model_name,mean_test_score,std_test_score,mean_fit_time,params,rank_test_score,std_fit_time,mean_score_time,std_score_time,param_classifier__C,param_classifier__class_weight,param_tfidf__min_df,param_tfidf__ngram_range,split0_test_score,split1_test_score,split2_test_score,split3_test_score,split4_test_score,split0_train_score,split1_train_score,split2_train_score,split3_train_score,split4_train_score,mean_train_score,std_train_score
majority_baseline,0.11706874973026629,5.8142478034209276e-05,0.0,{},1,,,,,,,,,,,,,,,,,,,
logistic_regression,0.5993128260931609,0.010146315584010543,0.34224705696105956,"{'classifier__C': 0.1, 'classifier__class_weight': None, 'tfidf__min_df': 1, 'tfidf__ngram_range': (1, 1)}",35,0.01013434613266666,0.04527482986450195,0.00478548602233625,0.1,,1.0,"(1, 1)",0.6112795795613761,0.5869719556678831,0.6063904530702529,0.6045248611701338,0.5873972809961592,0.6323407300275349,0.6434334487884226,0.623005156239434,0.6379071113700159,0.6472720286750879,0.6367916950200991,0.008544871926347494
logistic_regression,0.5680251553012459,0.006768065156435347,2.33357720375061,"{'classifier__C': 0.1, 'classifier__class_weight': None, 'tfidf__min_df': 1, 'tfidf__ngram_range': (1, 2)}",36,0.18771467357285615,0.07819228172302246,0.010114576156574054,0.1,,1.0,"(1, 2)",0.5761386660617895,0.570026652691347,0.5715139169347228,0.5664432199893924,0.5560033208289774,0.6061516138906354,0.6066486842705046,0.6071054693846919,0.6113770273176935,0.6118463984587497,0.608625838664455,0.0024610361586162427
logistic_regression,0.6257207969011788,0.01575935636478602,0.3401771545410156,"{'classifier__C': 0.1, 'classifier__class_weight': None, 'tfidf__min_df': 2, 'tfidf__ngram_range': (1, 1)}",33,0.03268944114361139,0.0383204460144043,0.0060164228304498,0.1,,2.0,"(1, 1)",0.6436130989685498,0.612571660365778,0.6457661572457868,0.6177818858767604,0.6088711820490187,0.6758789391718076,0.6836227135685076,0.6753767229456091,0.6926253161192407,0.6901012376734483,0.6835209858957226,0.0070841906796419414
logistic_regression,0.603686105373181,0.010362863764309296,0.8694730758666992,"{'classifier__C': 0.1, 'classifier__class_weight': None, 'tfidf__min_df': 2, 'tfidf__ngram_range': (1, 2)}",34,0.14001670755778245,0.10032453536987304,0.02104928561529191,0.1,,2.0,"(1, 2)",0.6229360081559269,0.6001312011968571,0.5990864087854642,0.6040982594780063,0.5921786492496504,0.6252273053675961,0.6393195488681468,0.637918909572892,0.6481854140652281,0.6526592506909314,0.6406620857129589,0.009466702718787126
logistic_regression,0.6759540507114632,0.0187772948319573,0.2363739013671875,"{'classifier__C': 0.1, 'classifier__class_weight': None, 'tfidf__min_df': 5, 'tfidf__ngram_range': (1, 1)}",31,0.017908652209418653,0.03989763259887695,0.0031265155302544825,0.1,,5.0,"(1, 1)",0.6911192747112413,0.6636639924674553,0.702808118607968,0.650628797526556,0.6715500702440954,0.7330091352474696,0.7344501725426222,0.7298902448092083,0.7454014110982949,0.735330839602003,0.7356163606599195,0.005230196098963814
logistic_regression,0.6653730040310292,0.011703477978533184,0.7012028217315673,"{'classifier__C': 0.1, 'classifier__class_weight': None, 'tfidf__min_df': 5, 'tfidf__ngram_range': (1, 2)}",32,0.02860515535316465,0.08261427879333497,0.008457102853153266,0.1,,5.0,"(1, 2)",0.6772387669959712,0.6507829944525524,0.6810435581687224,0.6598544620990671,0.6579452384388323,0.7128921655982614,0.729200505592662,0.723873978206531,0.7292668457299455,0.73207171657846,0.725461042341172,0.006821497985937262
logistic_regression,0.8126084630331123,0.018271521864689257,0.3291200637817383,"{'classifier__C': 0.1, 'classifier__class_weight': 'balanced', 'tfidf__min_df': 1, 'tfidf__ngram_range': (1, 1)}",27,0.036319800202629225,0.04184665679931641,0.003063895060550305,0.1,balanced,1.0,"(1, 1)",0.8326093433484112,0.8108311892367139,0.8271366721905292,0.8123359564561072,0.7801291539338003,0.8579228793979263,0.8609061998014023,0.8621000636666689,0.8596712233277657,0.8643417702979512,0.8609884272983429,0.0021734772269114376
logistic_regression,0.8070650179613293,0.018200468297106552,1.3577960968017577,"{'classifier__C': 0.1, 'classifier__class_weight': 'balanced', 'tfidf__min_df': 1, 'tfidf__ngram_range': (1, 2)}",30,0.10277588375873141,0.08475427627563477,0.010809360454588158,0.1,balanced,1.0,"(1, 2)",0.8307687509500989,0.8056881295339611,0.8207443543201786,0.800401585264473,0.7777222697379347,0.8864856385749164,0.8848898937730814,0.8824312238024821,0.8880755967532992,0.8865291573324199,0.8856823020472397,0.0019124745032172551
logistic_regression,0.8162548502785876,0.013516650715678537,0.23490529060363768,"{'classifier__C': 0.1, 'classifier__class_weight': 'balanced', 'tfidf__min_df': 2, 'tfidf__ngram_range': (1, 1)}",25,0.026450559710937634,0.03576302528381348,0.004025957520222619,0.1,balanced,2.0,"(1, 1)",0.8334567424546353,0.8123148137809724,0.8280890510035945,0.8122834158211026,0.7951302283326331,0.8577679373248338,0.8591380117158387,0.8601500794646797,0.8613994244837329,0.863513203095294,0.8603937312168757,0.001963339754212792
logistic_regression,0.8128305644231469,0.015031252589235775,0.6612184047698975,"{'classifier__C': 0.1, 'classifier__class_weight': 'balanced', 'tfidf__min_df': 2, 'tfidf__ngram_range': (1, 2)}",26,0.10345203135614353,0.08178911209106446,0.008521424270287082,0.1,balanced,2.0,"(1, 2)",0.8277832559634974,0.8052637462722647,0.8332044157230711,0.803873002179561,0.7940284019773401,0.8689854531110153,0.8685213606091131,0.8696476757430686,0.8752416492881813,0.8757485286581751,0.8716289334819107,0.003180979716123849
logistic_regression,0.8108671116361761,0.010980164720030033,0.21573591232299805,"{'classifier__C': 0.1, 'classifier__class_weight': 'balanced', 'tfidf__min_df': 5, 'tfidf__ngram_range': (1, 1)}",28,0.019122300267409287,0.04068665504455567,0.004592948989303317,0.1,balanced,5.0,"(1, 1)",0.8283296585763684,0.8036311601384737,0.8180487461127655,0.8067685063371589,0.7975574870161137,0.8481944661868782,0.8535359761874922,0.8546732167284719,0.8556554089462453,0.8570234907620328,0.8538165117622241,0.0030359939794987966
logistic_regression,0.8073350689763096,0.011283454995658408,0.49196696281433105,"{'classifier__C': 0.1, 'classifier__class_weight': 'balanced', 'tfidf__min_df': 5, 'tfidf__ngram_range': (1, 2)}",29,0.06157017471924657,0.07839388847351074,0.011305009270227229,0.1,balanced,5.0,"(1, 2)",0.819952876984127,0.801893737610129,0.821230081856064,0.8008421820527702,0.7927564663784571,0.8498135592497834,0.8524021536665614,0.8536111508525452,0.85672683527237,0.8552609446845864,0.8535629287451693,0.002379119938593474
logistic_regression,0.8546495094592357,0.018734298482157276,0.615140724182129,"{'classifier__C': 1.0, 'classifier__class_weight': None, 'tfidf__min_df': 1, 'tfidf__ngram_range': (1, 1)}",12,0.04439567313367654,0.038494014739990236,0.0029854741444529068,1.0,,1.0,"(1, 1)",0.872856856426431,0.8491064697206032,0.8777758451242628,0.8471783058241589,0.8263300702007225,0.9555364281927323,0.9569953529361278,0.9558719186735758,0.9574351027139291,0.9613828871024666,0.9574443379237664,0.0020893283265877452
logistic_regression,0.832978355732026,0.02201660738390083,7.603750133514405,"{'classifier__C': 1.0, 'classifier__class_weight': None, 'tfidf__min_df': 1, 'tfidf__ngram_range': (1, 2)}",24,1.0908199158388523,0.11775083541870117,0.013515076409231983,1.0,,1.0,"(1, 2)",0.8624654589364903,0.8243808721321636,0.855826538146206,0.8120346361899218,0.8101842732553483,0.9741022902395684,0.9735855568122056,0.974907679614444,0.9726296821753286,0.9763883874815393,0.9743227192646172,0.001270239018083441
logistic_regression,0.8564708552831319,0.014541153633482051,0.4875968933105469,"{'classifier__C': 1.0, 'classifier__class_weight': None, 'tfidf__min_df': 2, 'tfidf__ngram_range': (1, 1)}",11,0.07719484915751036,0.051194953918457034,0.012870912873681797,1.0,,2.0,"(1, 1)",0.8695392058601532,0.8486986231107051,0.8749033820804581,0.8547246851697343,0.834488380194609,0.947689701666063,0.9478807371967135,0.95085683887459,0.9503029403007119,0.9537224287787922,0.9500905293633741,0.002212247594145178
logistic_regression,0.850470146144627,0.01747963372975799,1.8180695056915284,"{'classifier__C': 1.0, 'classifier__class_weight': None, 'tfidf__min_df': 2, 'tfidf__ngram_range': (1, 2)}",14,0.09578767604761783,0.0942375659942627,0.01675078898862608,1.0,,2.0,"(1, 2)",0.8736813438825822,0.8433181889756487,0.8659666664269021,0.8446860793690913,0.8246984520689111,0.961706599058712,0.9605305001894081,0.9626258735198799,0.9599985581300805,0.9635480317984548,0.9616819125393071,0.0013064076938696413
logistic_regression,0.8429680381699836,0.013832152359687178,0.5207511425018311,"{'classifier__C': 1.0, 'classifier__class_weight': None, 'tfidf__min_df': 5, 'tfidf__ngram_range': (1, 1)}",19,0.03934370917587236,0.05849862098693848,0.016163535174286224,1.0,,5.0,"(1, 1)",0.8497057456059243,0.8369272314928473,0.8626851123077648,0.8445429425394582,0.8209791589039231,0.9318525045746452,0.9314122733666899,0.9330841288233074,0.9355380925572663,0.9385274822541071,0.9340828963152031,0.002644857312732014
logistic_regression,0.838257824349159,0.014074881715616286,1.0852424144744872,"{'classifier__C': 1.0, 'classifier__class_weight': None, 'tfidf__min_df': 5, 'tfidf__ngram_range': (1, 2)}",23,0.06819875073716233,0.09165239334106445,0.02212157523785463,1.0,,5.0,"(1, 2)",0.8518151405752301,0.8287394374998658,0.85865241711309,0.8269556804035109,0.8251264461540981,0.9396960069041802,0.9430434104821221,0.9400701621668751,0.9450917914027438,0.9478238797107535,0.9431450501333349,0.0030673250106926404
logistic_regression,0.8577582402033886,0.013651707901973127,0.967418909072876,"{'classifier__C': 1.0, 'classifier__class_weight': 'balanced', 'tfidf__min_df': 1, 'tfidf__ngram_range': (1, 1)}",9,0.15284116978723353,0.04923415184020996,0.004792471468322527,1.0,balanced,1.0,"(1, 1)",0.8732861730961361,0.8555567240167311,0.8711846774700082,0.8529770285792332,0.8357865978548348,0.9508893324196256,0.9485747704913219,0.9489685733634469,0.9508777099170127,0.9543174483361028,0.950725566905502,0.0020329550104778923
logistic_regression,0.8501844265532362,0.01663868111958944,6.906922960281372,"{'classifier__C': 1.0, 'classifier__class_weight': 'balanced', 'tfidf__min_df': 1, 'tfidf__ngram_range': (1, 2)}",16,0.3677909178213336,0.09489741325378417,0.008604737071523585,1.0,balanced,1.0,"(1, 2)",0.8725379191008493,0.8485217656578867,0.8639823975957691,0.8398921010151524,0.8259879493965234,0.9705983118451912,0.9703431540145191,0.9712595923757922,0.9696089260070122,0.971771779845618,0.9707163528176265,0.000746811969327311
logistic_regression,0.8570222769287661,0.01372009382005236,0.5617707729339599,"{'classifier__C': 1.0, 'classifier__class_weight': 'balanced', 'tfidf__min_df': 2, 'tfidf__ngram_range': (1, 1)}",10,0.03107925196634229,0.04778695106506348,0.007197611423310673,1.0,balanced,2.0,"(1, 1)",0.8758838176554197,0.8575303454846689,0.8653884112979667,0.8512340423989844,0.8350747678067904,0.944004939107906,0.9422667634339318,0.9415891974131665,0.9448015883691165,0.9476196687934482,0.9440564314235138,0.002123427703567628
logistic_regression,0.8507743478640103,0.012296949165079544,2.5364406585693358,"{'classifier__C': 1.0, 'classifier__class_weight': 'balanced', 'tfidf__min_df': 2, 'tfidf__ngram_range': (1, 2)}",13,0.33518383116882433,0.1292440414428711,0.02552404479272728,1.0,balanced,2.0,"(1, 2)",0.8628814391735325,0.8547103929275768,0.8615702297942645,0.8450126179180765,0.8296970595066016,0.9562515591174293,0.9593605622282448,0.9568012048561856,0.9585272811800161,0.9589540551411455,0.9579789325046043,0.0012272988512940287
logistic_regression,0.8438976987484589,0.009656064462783182,0.48701229095458987,"{'classifier__C': 1.0, 'classifier__class_weight': 'balanced', 'tfidf__min_df': 5, 'tfidf__ngram_range': (1, 1)}",18,0.07571195092346938,0.04272165298461914,0.00463550343982318,1.0,balanced,5.0,"(1, 1)",0.849961251393109,0.8366354249637221,0.8595483625573495,0.8403675366784873,0.832975918149627,0.9256309306032946,0.9243723876429987,0.9239140527695398,0.9285671013465971,0.9338549529761495,0.927267885067716,0.0036712162265126365
logistic_regression,0.8406704214581009,0.007203905364291581,0.9130556583404541,"{'classifier__C': 1.0, 'classifier__class_weight': 'balanced', 'tfidf__min_df': 5, 'tfidf__ngram_range': (1, 2)}",22,0.1964547155954522,0.08188471794128419,0.005360920564056458,1.0,balanced,5.0,"(1, 2)",0.8463626928396317,0.8443894647761773,0.848555915689135,0.8328814374214359,0.831162596564124,0.9334280564535629,0.9344097181357593,0.9367982185189652,0.940905197347782,0.9381374125224351,0.936735720595701,0.0026722317322743117
logistic_regression,0.8662354387160424,0.015503317103991079,1.5570364475250245,"{'classifier__C': 10.0, 'classifier__class_weight': None, 'tfidf__min_df': 1, 'tfidf__ngram_range': (1, 1)}",5,0.23178052758018558,0.052325868606567384,0.010795693253418021,10.0,,1.0,"(1, 1)",0.8818782972034901,0.854352675812664,0.885916048896019,0.8632845034271035,0.8457456682409349,0.9992812244916087,0.99856216617062,0.9982858205374389,0.9982859790574956,0.9990053175297695,0.9986841015573866,0.00039792789140846095
logistic_regression,0.8646671503430531,0.0187749948205469,12.50577163696289,"{'classifier__C': 10.0, 'classifier__class_weight': None, 'tfidf__min_df': 1, 'tfidf__ngram_range': (1, 2)}",6,0.8739255681513124,0.1112492561340332,0.031279615604884535,10.0,,1.0,"(1, 2)",0.8837004881441606,0.8557393471927851,0.889382319472686,0.8544487468893227,0.8400648500163104,1.0,1.0,1.0,1.0,1.0,1.0,0.0
logistic_regression,0.8628054598211298,0.017109419699420647,0.9041410446166992,"{'classifier__C': 10.0, 'classifier__class_weight': None, 'tfidf__min_df': 2, 'tfidf__ngram_range': (1, 1)}",8,0.09600951793038709,0.048881816864013675,0.006342606565141641,10.0,,2.0,"(1, 1)",0.8795751331935945,0.8525811369829708,0.8826429546652775,0.8625822487070061,0.8366458255567998,0.9983748838724688,0.9973545347179033,0.9967129991536106,0.9957664312321344,0.996668168036754,0.9969754034025742,0.0008633828129702695
logistic_regression,0.8715237321841094,0.0137928743252503,3.2767145156860353,"{'classifier__C': 10.0, 'classifier__class_weight': None, 'tfidf__min_df': 2, 'tfidf__ngram_range': (1, 2)}",1,0.3108009628392486,0.10526185035705567,0.01461132882390448,10.0,,2.0,"(1, 2)",0.8856409704553825,0.8727890732907488,0.8875414513644413,0.8564411198363888,0.8552060459735858,1.0,1.0,0.9995771047827924,0.9995771047827924,0.9995777653729108,0.9997463949876991,0.00020706776594470698
logistic_regression,0.8428880560138335,0.013336343640365796,0.766370439529419,"{'classifier__C': 10.0, 'classifier__class_weight': None, 'tfidf__min_df': 5, 'tfidf__ngram_range': (1, 1)}",20,0.10273827512287471,0.05806746482849121,0.013714498823903415,10.0,,5.0,"(1, 1)",0.8523863888573342,0.8384711397507607,0.8624858015646764,0.8372923862748083,0.8238045636215883,0.9921781552352096,0.9918607068190812,0.9913742399151219,0.9906023777254586,0.9925455453567646,0.9917122050103272,0.0006752118986048299
logistic_regression,0.8504421306969927,0.012057578211230048,1.59031023979187,"{'classifier__C': 10.0, 'classifier__class_weight': None, 'tfidf__min_df': 5, 'tfidf__ngram_range': (1, 2)}",15,0.19630975109504006,0.0940967082977295,0.011793513762246794,10.0,,5.0,"(1, 2)",0.8651476346023846,0.8432093270761037,0.864713227948522,0.8425951357177963,0.8365453281401574,0.9973787112762282,0.998386018009963,0.9978588624497654,0.9981088920541125,0.998848251490233,0.9981161470560604,0.0004937340918676425
logistic_regression,0.8696447676129034,0.01459994536511602,1.540617036819458,"{'classifier__C': 10.0, 'classifier__class_weight': 'balanced', 'tfidf__min_df': 1, 'tfidf__ngram_range': (1, 1)}",4,0.38358362304316845,0.06011290550231933,0.013369863760122168,10.0,balanced,1.0,"(1, 1)",0.8860614325672421,0.8644788813771727,0.8856366707260961,0.8644725666716463,0.8475742867223597,0.998984744757732,0.9984320882712362,0.9987285439213226,0.9984067575267163,0.9994274058276156,0.9987959080609246,0.00038020774120070235
logistic_regression,0.8698420497322361,0.012196341295611923,9.63878836631775,"{'classifier__C': 10.0, 'classifier__class_weight': 'balanced', 'tfidf__min_df': 1, 'tfidf__ngram_range': (1, 2)}",3,0.20933381654543398,0.04314188957214356,0.012561374425332068,10.0,balanced,1.0,"(1, 2)",0.882387533537156,0.8721091819309992,0.8805130196367599,0.8655456246983413,0.8486548888579251,0.9995776189644423,0.9995776189644423,0.9995776189644423,0.9995776189644423,1.0,0.9996620951715538,0.00016895241422307806
logistic_regression,0.8633262284553587,0.014837618634601524,1.1374863147735597,"{'classifier__C': 10.0, 'classifier__class_weight': 'balanced', 'tfidf__min_df': 2, 'tfidf__ngram_range': (1, 1)}",7,0.1973579516039152,0.05248732566833496,0.011044729975856284,10.0,balanced,2.0,"(1, 1)",0.8815970495815711,0.8565519464446029,0.8744808932747411,0.8650408673841119,0.8389603855917657,0.9963749324990732,0.9967499554116126,0.9959910294067531,0.994743291951043,0.9969664155137519,0.9961651249564468,0.000784860596429356
logistic_regression,0.8702130424349626,0.01173101047992929,3.6602518558502197,"{'classifier__C': 10.0, 'classifier__class_weight': 'balanced', 'tfidf__min_df': 2, 'tfidf__ngram_range': (1, 2)}",2,0.33878579822503735,0.11876187324523926,0.02998720514050059,10.0,balanced,2.0,"(1, 2)",0.8795483333318029,0.8729417198567977,0.8851803824093106,0.8552616623612547,0.8581331142156475,0.9997036054479411,1.0,0.9995776189644423,0.9995776189644423,0.9992762938288864,0.9996270274411424,0.00023361043756298686
logistic_regression,0.8410858692663205,0.009114702528988314,0.6564015865325927,"{'classifier__C': 10.0, 'classifier__class_weight': 'balanced', 'tfidf__min_df': 5, 'tfidf__ngram_range': (1, 1)}",21,0.16175777450401474,0.04674263000488281,0.005560344832858465,10.0,balanced,5.0,"(1, 1)",0.8427464963985093,0.8301398070181247,0.8570443055853244,0.8405670705183619,0.8349316668112817,0.9891728888838811,0.991552558618884,0.9900917761879053,0.9897120075814696,0.9911411269168403,0.9903340716377962,0.000886573731814185
logistic_regression,0.8490899803976129,0.008462049676870647,1.1050099849700927,"{'classifier__C': 10.0, 'classifier__class_weight': 'balanced', 'tfidf__min_df': 5, 'tfidf__ngram_range': (1, 2)}",17,0.08751838665601137,0.0697174072265625,0.0050556108505007535,10.0,balanced,5.0,"(1, 2)",0.8626159697772415,0.848857901206321,0.8528498888299976,0.8377817136824834,0.8433444284920207,0.9968049983269738,0.9979587366308347,0.9970298637011868,0.9964999618762642,0.9967226673807537,0.9970032455832026,0.0005069501471094449
linear_svc,0.8555866193633997,0.018931567130141783,0.13124165534973145,"{'classifier__C': 0.1, 'classifier__class_weight': None, 'tfidf__min_df': 1, 'tfidf__ngram_range': (1, 1)}",15,0.005681540698041378,0.029647684097290038,0.0008893072905351486,0.1,,1.0,"(1, 1)",0.8759643663965968,0.8435159468482367,0.8786228042121533,0.8501424452444474,0.8296875341155647,0.9440421188421129,0.9426470765422803,0.9434206553434565,0.9455911121363106,0.9457052904561876,0.9442812506640695,0.0012009962365016889
linear_svc,0.8305914682092898,0.021658502561977655,0.5339566707611084,"{'classifier__C': 0.1, 'classifier__class_weight': None, 'tfidf__min_df': 1, 'tfidf__ngram_range': (1, 2)}",34,0.0296658701787145,0.06730794906616211,0.006530811219662833,0.1,,1.0,"(1, 2)",0.8651951502357181,0.8205810099834895,0.8461254339388586,0.8113733973574242,0.809682349530958,0.9606608922622972,0.9617049658748646,0.9623526011414223,0.9633686432518259,0.963391294705984,0.9622956794472788,0.0010369509019287461
linear_svc,0.8558858180208816,0.01572813316469879,0.1322906494140625,"{'classifier__C': 0.1, 'classifier__class_weight': None, 'tfidf__min_df': 2, 'tfidf__ngram_range': (1, 1)}",14,0.010535108280875678,0.03283424377441406,0.0033484803535587465,0.1,,2.0,"(1, 1)",0.8711278068396142,0.843364616818024,0.8766603535905215,0.8525100059128415,0.8357663069434063,0.937471929443207,0.9378715420441435,0.9346634415744142,0.9379037855863827,0.9396927363208097,0.9375206869937914,0.0016219673709600296
linear_svc,0.8500332692656711,0.01720916362440734,0.351145076751709,"{'classifier__C': 0.1, 'classifier__class_weight': None, 'tfidf__min_df': 2, 'tfidf__ngram_range': (1, 2)}",21,0.037270808973446104,0.05500006675720215,0.007115455562175695,0.1,,2.0,"(1, 2)",0.8741235029034933,0.8433005868934783,0.8658411564528592,0.8387062965800375,0.828194803498487,0.947559252933991,0.9474218858154029,0.9463928214111879,0.9496860249696553,0.9504745244464227,0.948306901915332,0.001523581603264918
linear_svc,0.8417427146609331,0.01198409641023599,0.14254751205444335,"{'classifier__C': 0.1, 'classifier__class_weight': None, 'tfidf__min_df': 5, 'tfidf__ngram_range': (1, 1)}",27,0.0100210569530347,0.029891824722290038,0.0011369671003216334,0.1,,5.0,"(1, 1)",0.8482052639044064,0.8355246629316051,0.8594863072669818,0.8417220567027255,0.8237752824989469,0.9173574462779804,0.9177391040273498,0.9206793516907609,0.9207802362701494,0.925373134009223,0.9203858544550927,0.0028737146312185022
linear_svc,0.8387116517848,0.013091053458350174,0.3170022010803223,"{'classifier__C': 0.1, 'classifier__class_weight': None, 'tfidf__min_df': 5, 'tfidf__ngram_range': (1, 2)}",31,0.009003180588481128,0.04998064041137695,0.0008523403981136106,0.1,,5.0,"(1, 2)",0.8491842390392628,0.831531278002879,0.8560410027443978,0.8379589731280438,0.8188427660094167,0.9246751753040992,0.9277446819220938,0.922882052603443,0.9290680040974615,0.9345609388514348,0.9277861705557064,0.004031649001129151
linear_svc,0.8575290231593797,0.013486318377601517,0.160599422454834,"{'classifier__C': 0.1, 'classifier__class_weight': 'balanced', 'tfidf__min_df': 1, 'tfidf__ngram_range': (1, 1)}",13,0.0340161210714533,0.032670211791992185,0.004307802950836489,0.1,balanced,1.0,"(1, 1)",0.876468453940591,0.8525035460992908,0.8686602118214548,0.8516364413864901,0.8383764625490726,0.9415215010497677,0.938885780380334,0.9371985771439713,0.9420509577660189,0.94043835681016,0.9400190346300505,0.0017777060324403596
linear_svc,0.8453726427831196,0.01571507961949008,0.5111157417297363,"{'classifier__C': 0.1, 'classifier__class_weight': 'balanced', 'tfidf__min_df': 1, 'tfidf__ngram_range': (1, 2)}",25,0.02381525001340048,0.06874737739562989,0.007491473433543233,0.1,balanced,1.0,"(1, 2)",0.8634423890472657,0.8461332087632217,0.8612837413684871,0.8330555783906102,0.8229482963460136,0.9592652862882669,0.9601555232202864,0.9599645268145287,0.9615074530255829,0.9622747305026504,0.960633503970263,0.0010959404308151439
linear_svc,0.8538649087968253,0.010951599680668538,0.12642307281494142,"{'classifier__C': 0.1, 'classifier__class_weight': 'balanced', 'tfidf__min_df': 2, 'tfidf__ngram_range': (1, 1)}",18,0.004365616740822165,0.031050634384155274,0.0031929046713166064,0.1,balanced,2.0,"(1, 1)",0.8719056919245393,0.8511829212399433,0.858299873429695,0.8490404729734262,0.8388955844165229,0.9335624939316753,0.9327250794076817,0.9316954210029578,0.9336875559126818,0.9333524509437108,0.9330046002397415,0.0007335879094606055
linear_svc,0.8487820426397829,0.011896026309115008,0.36678667068481446,"{'classifier__C': 0.1, 'classifier__class_weight': 'balanced', 'tfidf__min_df': 2, 'tfidf__ngram_range': (1, 2)}",22,0.03837569760556886,0.0559689998626709,0.0046668578131580304,0.1,balanced,2.0,"(1, 2)",0.8631544230984857,0.8508021008189168,0.8592539271235939,0.8389847787119445,0.8317149834459736,0.9433132721025901,0.9434449527780895,0.9436085142992425,0.9487922476352099,0.9445954689261596,0.9447508911482583,0.0020704572796395454
linear_svc,0.8441149327257973,0.00821651965618084,0.1311626434326172,"{'classifier__C': 0.1, 'classifier__class_weight': 'balanced', 'tfidf__min_df': 5, 'tfidf__ngram_range': (1, 1)}",26,0.00730074651095148,0.03052387237548828,0.003778169514219598,0.1,balanced,5.0,"(1, 1)",0.8534619404880248,0.8340718756824533,0.8537616357103901,0.8367926383570069,0.8424865733911119,0.9135309934923024,0.9131471553413899,0.9154295437783709,0.9184940774450605,0.92053894105396,0.9162281422222167,0.0028678319304834203
linear_svc,0.8412569541554156,0.010530958063348216,0.30910000801086424,"{'classifier__C': 0.1, 'classifier__class_weight': 'balanced', 'tfidf__min_df': 5, 'tfidf__ngram_range': (1, 2)}",28,0.02198809455575186,0.05662980079650879,0.010759175103978,0.1,balanced,5.0,"(1, 2)",0.853507606027512,0.8391658545790165,0.8532753907527613,0.8323679376651345,0.8279679817526535,0.9193173349637043,0.9239054052802733,0.9229169354363449,0.9290177228957633,0.9253922672727909,0.9241099331697752,0.003167486497545335
linear_svc,0.8732696767661837,0.016479670255172517,0.17170729637145996,"{'classifier__C': 1.0, 'classifier__class_weight': None, 'tfidf__min_df': 1, 'tfidf__ngram_range': (1, 1)}",8,0.01618964234913108,0.034240198135375974,0.00505643750545776,1.0,,1.0,"(1, 1)",0.8885790386285282,0.8656165377550458,0.8929695347240783,0.8718938430551871,0.8472894296680796,0.9972246690663298,0.9965102197869112,0.9968332548776926,0.9961896770262657,0.996933552205187,0.9967382745924771,0.00035684799811529325
linear_svc,0.8770833419227341,0.015465641579059374,0.6047182559967041,"{'classifier__C': 1.0, 'classifier__class_weight': None, 'tfidf__min_df': 1, 'tfidf__ngram_range': (1, 2)}",3,0.041227416633469405,0.06618733406066894,0.004957307281484176,1.0,,1.0,"(1, 2)",0.8896763785168957,0.8730531418041584,0.8972521232618897,0.8727567210245887,0.8526783450061384,0.9995776189644423,0.9997036054479411,1.0,1.0,1.0,0.9998562448824767,0.00018051470888449136
linear_svc,0.8665893249777934,0.01747211869699393,0.14684634208679198,"{'classifier__C': 1.0, 'classifier__class_weight': None, 'tfidf__min_df': 2, 'tfidf__ngram_range': (1, 1)}",9,0.016752869279724216,0.02931981086730957,0.004473205689311905,1.0,,2.0,"(1, 1)",0.8865203847713071,0.8578149777753665,0.8863013809047305,0.8608279123850143,0.8414819690525484,0.993176368068302,0.9942161521201816,0.9934455075431344,0.9933871195076657,0.9942803999852518,0.9937011094449071,0.0004560969223063776
linear_svc,0.8765724054008208,0.015454469126799875,0.3897887706756592,"{'classifier__C': 1.0, 'classifier__class_weight': None, 'tfidf__min_df': 2, 'tfidf__ngram_range': (1, 2)}",4,0.01948045543052551,0.05516824722290039,0.003785750495452991,1.0,,2.0,"(1, 2)",0.8975683412217266,0.8813260000357185,0.8862423842123461,0.8610984714691586,0.8566268300651546,0.9988027195104331,0.9988086483758295,0.9993010387850715,0.9995771047827924,0.9989795344267361,0.9990938091761725,0.00030186995481292476
linear_svc,0.8458366620342813,0.012750861064547038,0.15865254402160645,"{'classifier__C': 1.0, 'classifier__class_weight': None, 'tfidf__min_df': 5, 'tfidf__ngram_range': (1, 1)}",24,0.018115425482388384,0.037730073928833006,0.004664852941378704,1.0,,5.0,"(1, 1)",0.8499365461462949,0.8414290720914734,0.8684931236335891,0.8320509917305705,0.8372735765694793,0.9814181891247471,0.9843255366629016,0.9820814861805331,0.9846607143112991,0.9853702318200908,0.9835712316199142,0.001539303986423134
linear_svc,0.8524314129397335,0.011467234601582195,0.3094614505767822,"{'classifier__C': 1.0, 'classifier__class_weight': None, 'tfidf__min_df': 5, 'tfidf__ngram_range': (1, 2)}",19,0.01503272805695284,0.052398967742919925,0.004490996825976184,1.0,,5.0,"(1, 2)",0.8619183371979804,0.8594454149471273,0.8635986060456894,0.8409233771522446,0.8362713293556258,0.9944949839675326,0.9946121911889214,0.9940666155980356,0.994025747520731,0.9945249729963409,0.9943449022543123,0.0002472636545759843
linear_svc,0.8751311449471585,0.015724627614286654,0.16791796684265137,"{'classifier__C': 1.0, 'classifier__class_weight': 'balanced', 'tfidf__min_df': 1, 'tfidf__ngram_range': (1, 1)}",7,0.006225110756761731,0.032970619201660153,0.003330995351335081,1.0,balanced,1.0,"(1, 1)",0.8943199464524291,0.8608832109555304,0.8901533987178403,0.8761080200452012,0.8541911485647918,0.9963451419930127,0.9965102197869112,0.9965569349264658,0.9955864651980665,0.996933552205187,0.9963864628219288,0.0004439339876982648
linear_svc,0.8764131994849237,0.015487007899705318,0.6697792530059814,"{'classifier__C': 1.0, 'classifier__class_weight': 'balanced', 'tfidf__min_df': 1, 'tfidf__ngram_range': (1, 2)}",5,0.031992240102872355,0.060018396377563475,0.00678522597943678,1.0,balanced,1.0,"(1, 2)",0.8913402973505897,0.8697263212586572,0.8967502234131682,0.8695333734906803,0.8547157819115228,0.9995776189644423,0.9992812244916087,0.9995776189644423,0.9995776189644423,1.0,0.9996028162769871,0.00022938217015613105
linear_svc,0.8647266394055133,0.015373354965776234,0.16323499679565429,"{'classifier__C': 1.0, 'classifier__class_weight': 'balanced', 'tfidf__min_df': 2, 'tfidf__ngram_range': (1, 1)}",10,0.015020092368503,0.03428406715393066,0.006169180051768902,1.0,balanced,2.0,"(1, 1)",0.8841260953335758,0.8566293668197364,0.8788230617898373,0.862480608528062,0.8415740645563559,0.99163301578821,0.9946650539359019,0.9931439448622024,0.9919403771355129,0.9935582715915091,0.9929881326626673,0.001104131711749396
linear_svc,0.8761921169268565,0.013460002179585377,0.4427459239959717,"{'classifier__C': 1.0, 'classifier__class_weight': 'balanced', 'tfidf__min_df': 2, 'tfidf__ngram_range': (1, 2)}",6,0.03539993770997913,0.054410886764526364,0.0038024690539777027,1.0,balanced,2.0,"(1, 2)",0.8935764020227954,0.8777725599112658,0.8871307812193414,0.8653868837417729,0.8570939577391063,0.9985007862284025,0.9988086483758295,0.9993010387850715,0.9988270691167859,0.9992757826739953,0.9989426650360169,0.00030527982806372316
linear_svc,0.847931818363938,0.011668776263815992,0.17033281326293945,"{'classifier__C': 1.0, 'classifier__class_weight': 'balanced', 'tfidf__min_df': 5, 'tfidf__ngram_range': (1, 1)}",23,0.024485800753136878,0.03921594619750977,0.0046284787775048,1.0,balanced,5.0,"(1, 1)",0.8567525598265495,0.8449570117167715,0.8639546917045285,0.8299869974735842,0.8440078310982564,0.9815885648084931,0.9838034041451287,0.980804157317094,0.9829065519900427,0.9840968109691269,0.9826398978459772,0.001266703724965567
linear_svc,0.850669052160885,0.010167192865480219,0.3348085403442383,"{'classifier__C': 1.0, 'classifier__class_weight': 'balanced', 'tfidf__min_df': 5, 'tfidf__ngram_range': (1, 2)}",20,0.03312450511193659,0.05663294792175293,0.005841736309323022,1.0,balanced,5.0,"(1, 2)",0.8646665652465695,0.8525895762808877,0.8577510339826937,0.8403060044281419,0.8380320808661326,0.9946169518470948,0.9950291725870641,0.9924865943124505,0.9936153490394658,0.9940786067481389,0.9939653349068429,0.0008807212509733251
linear_svc,0.855175056995723,0.015113977001459205,0.276700496673584,"{'classifier__C': 10.0, 'classifier__class_weight': None, 'tfidf__min_df': 1, 'tfidf__ngram_range': (1, 1)}",16,0.02113185080343072,0.032459592819213866,0.005993515661593952,10.0,,1.0,"(1, 1)",0.8743869852834757,0.8437471686140934,0.8672339711075128,0.8575046587346242,0.8330025012389087,0.9995776189644423,1.0,0.9995776189644423,0.9995776189644423,1.0,0.9997465713786653,0.00020692360282894223
linear_svc,0.8806734297302619,0.017098397613848206,1.4872775077819824,"{'classifier__C': 10.0, 'classifier__class_weight': None, 'tfidf__min_df': 1, 'tfidf__ngram_range': (1, 2)}",1,0.10845995805776439,0.07364830970764161,0.0043867628827058405,10.0,,1.0,"(1, 2)",0.8932238022596459,0.8841207759699624,0.9028270297701562,0.8676738052139116,0.8555217354376331,1.0,1.0,1.0,1.0,1.0,1.0,0.0
linear_svc,0.839623048464371,0.014896814781987441,0.25523829460144043,"{'classifier__C': 10.0, 'classifier__class_weight': None, 'tfidf__min_df': 2, 'tfidf__ngram_range': (1, 1)}",30,0.027514092407265576,0.03646774291992187,0.006930054074841217,10.0,,2.0,"(1, 1)",0.8542301221330734,0.8206433168643469,0.8571422812463613,0.8414948456463883,0.8246046764316847,1.0,0.9997036054479411,0.9995771047827924,0.9995771047827924,0.9995777653729108,0.9996871160772873,0.00016390899598081016
linear_svc,0.8644723494241907,0.017955481351711402,0.8177921295166015,"{'classifier__C': 10.0, 'classifier__class_weight': None, 'tfidf__min_df': 2, 'tfidf__ngram_range': (1, 2)}",11,0.04406477117488522,0.0698854923248291,0.003363245389923199,10.0,,2.0,"(1, 2)",0.8823179888330388,0.8666567910600556,0.8846314533225811,0.8504926223847467,0.8382628915205315,1.0,1.0,0.9995771047827924,0.9995771047827924,0.9995777653729108,0.9997463949876991,0.00020706776594470698
linear_svc,0.8151188128170987,0.009532367646076807,0.21310811042785643,"{'classifier__C': 10.0, 'classifier__class_weight': None, 'tfidf__min_df': 5, 'tfidf__ngram_range': (1, 1)}",35,0.030856802235714152,0.04820704460144043,0.0057217623223131744,10.0,,5.0,"(1, 1)",0.828055313511355,0.804984683168982,0.8247521903660692,0.8115608864702683,0.806240990568819,0.998259443387877,0.9994071490845684,0.9995771047827924,0.9989790327143058,0.9989798994898031,0.9990405258918693,0.0004560430508551557
linear_svc,0.835479701436269,0.010087293789801333,0.5503830909729004,"{'classifier__C': 10.0, 'classifier__class_weight': None, 'tfidf__min_df': 5, 'tfidf__ngram_range': (1, 2)}",33,0.053501810424380375,0.05911674499511719,0.01241741029648168,10.0,,5.0,"(1, 2)",0.8458617032525266,0.8412739429803544,0.8400900293493175,0.8331521577712435,0.8170206738279033,0.998857590416504,0.9997036054479411,0.9995771047827924,0.9995771047827924,0.9995777653729108,0.9994586341605881,0.00030447572524929434
linear_svc,0.8549793736028963,0.016060802622874744,0.30007591247558596,"{'classifier__C': 10.0, 'classifier__class_weight': 'balanced', 'tfidf__min_df': 1, 'tfidf__ngram_range': (1, 1)}",17,0.059686486400066074,0.034527587890625,0.005443156715320236,10.0,balanced,1.0,"(1, 1)",0.8749467198760977,0.8410352504971723,0.8695277671853259,0.8563846292169772,0.8330025012389087,0.9995776189644423,0.9995776189644423,0.9995776189644423,0.9995776189644423,1.0,0.9996620951715538,0.00016895241422307806
linear_svc,0.8805884833614472,0.01581251241591243,1.4635238170623779,"{'classifier__C': 10.0, 'classifier__class_weight': 'balanced', 'tfidf__min_df': 1, 'tfidf__ngram_range': (1, 2)}",2,0.08846233858672503,0.06434340476989746,0.0029038261774027296,10.0,balanced,1.0,"(1, 2)",0.891577029055002,0.8811218164384953,0.9028107173379301,0.8694603328209131,0.8579725211548956,1.0,1.0,1.0,1.0,1.0,1.0,0.0
linear_svc,0.84062622508373,0.015914439957932795,0.28782024383544924,"{'classifier__C': 10.0, 'classifier__class_weight': 'balanced', 'tfidf__min_df': 2, 'tfidf__ngram_range': (1, 1)}",29,0.038487249690376736,0.03610825538635254,0.006043780364933198,10.0,balanced,2.0,"(1, 1)",0.8559891439872661,0.8185717838563548,0.8581930794860886,0.8445746802689735,0.8258024378199663,1.0,0.9997036054479411,0.9995776189644423,0.9995776189644423,0.9995782765278018,0.9996874239809255,0.00016370281450749083
linear_svc,0.8643231550013712,0.018021538874475995,0.8959247589111328,"{'classifier__C': 10.0, 'classifier__class_weight': 'balanced', 'tfidf__min_df': 2, 'tfidf__ngram_range': (1, 2)}",12,0.1658991285476427,0.06870956420898437,0.007058717939846135,10.0,balanced,2.0,"(1, 2)",0.8830927000065701,0.8656145567443833,0.8846314533225811,0.8487564770536232,0.8395205878796992,1.0,1.0,0.9995776189644423,0.9995776189644423,0.9995782765278018,0.9997467028913374,0.00020681636256157705
linear_svc,0.8136214298715785,0.011091978050279736,0.1972811698913574,"{'classifier__C': 10.0, 'classifier__class_weight': 'balanced', 'tfidf__min_df': 5, 'tfidf__ngram_range': (1, 1)}",36,0.00850538310342473,0.03905119895935059,0.0027663698983809554,10.0,balanced,5.0,"(1, 1)",0.8297460400849868,0.8011547533854344,0.8231149506109295,0.8104465477444692,0.8036448575320732,0.9974133360575463,0.9991051667874219,0.998853766901013,0.9989794008041316,0.9989798994898031,0.9986663140079832,0.0006315129911154631
linear_svc,0.8368868105389045,0.010246353808870526,0.6112279415130615,"{'classifier__C': 10.0, 'classifier__class_weight': 'balanced', 'tfidf__min_df': 5, 'tfidf__ngram_range': (1, 2)}",32,0.06994982258377215,0.05120220184326172,0.0005245287547819947,10.0,balanced,5.0,"(1, 2)",0.8483847538812839,0.8430006878689364,0.8410288305525758,0.8331367938952318,0.8188829864964946,0.9984379953300738,0.9997036054479411,0.9995776189644423,0.9995776189644423,0.9995782765278018,0.9993750230469403,0.00047103917575563913
