question_id,question,options,answer,answer_index,cot_content,category,src,question_text,exclusion_reason
2843,What cell components typically found in aeucaryoticcell are missing from a bacterial (procaryotic) cell?,"['Nuclear membrane, histones, mitotic spindle apparatus, Golgi apparati, mitochondria, and endoplasmic reticulum'
 'Chloroplasts, plasmids, and centrioles'
 'Endospores, magnetosomes, and cytoskeletal proteins'
 'Peptidoglycan layer, outer membrane, and periplasmic space'
 'Flagella, cytoplasmic membrane, and nucleolus'
 'Cell capsule, mesosomes, and inclusion bodies'
 'Cell wall, ribosomes, cytoplasm' 'Lysosomes, peroxisomes, and vacuoles'
 'Fimbriae, gas vesicles, and thylakoids'
 'Nucleoid region, plasmids, and pili']",A,0,,biology,stemez-Biology,What cell components typically found in aeucaryoticcell are missing from a bacterial (procaryotic) cell?,exact_duplicate
2972,"A biologist deals with things on a microscopic level. To A biologist deals with things on a microscopic level. To describe cellular dimensions and the amount of materials present at the cellular level, units of an appropriately small size are needed. What are these units of measurements?","['The units of length include the micron and the \\AAngstrom. Weights are expressed in milligrams, micrograms, and nanograms. The unit of molecular weight is the dalton.'
 'The units include meter, kilogram, and second.'
 'The units include the liter for volume, the hectare for area, and the joule for energy.'
 'The units include mile, ton, and hour.'
 'The units include foot, pound, and minute.'
 'The units of length include centimeter and decimeter. Weights are expressed in grams and decigrams.'
 'The units of length include the millimeter and the picometer. Weights are expressed in picograms and centigrams.'
 'The units of measurement are the kilometer for length and the metric ton for weight.'
 'The units of length include the inch and the yard. Weights are expressed in ounces and stones.'
 'The units of length are measured in leagues and fathoms. Weights are expressed in carats and pecks.']",A,0,,biology,stemez-Biology,"A biologist deals with things on a microscopic level. To A biologist deals with things on a microscopic level. To describe cellular dimensions and the amount of materials present at the cellular level, units of an appropriately small size are needed. What are these units of measurements?",exact_duplicate
2975,"IfDNAaseis added to a bacterial cell, the DNA is hydrolyzed , the cell cannot make any more proteins and eventually dies. IfDNAaseis added to RNA viruses, they continue to produce new proteins. Explain.","['The virus uses a different enzyme to replicate its genetic material'
 'The virus has a unique replication cycle that does not involve nucleic acids'
 'The virus is immune to DNAase'
 'The virus contains RNA, it is not affected by DNAase'
 'DNAase selectively only attacks bacterial DNA'
 ""The virus's genetic material is composed of proteins, not nucleic acids""
 'The virus rapidly mutates to resist the effects of DNAase'
 'The RNA in the virus is transformed into DNA'
 'The virus has a protective shell against DNAase'
 'The virus encodes its own DNAase inhibitor proteins']",D,3,,biology,stemez-Biology,"IfDNAaseis added to a bacterial cell, the DNA is hydrolyzed , the cell cannot make any more proteins and eventually dies. IfDNAaseis added to RNA viruses, they continue to produce new proteins. Explain.",exact_duplicate
3033,Why is a moss plant restricted to a height of less thanabout 15 cm?,"['Moss plants do not grow tall because they have a slow growth rate'
 'Moss plants are limited in height because they have shallow root systems that cannot support taller structures'
 'Moss plants are restricted to a short stature due to their preference for low light conditions'
 'Moss plants are restricted to a height of less than 15 cm due to their genetic makeup'
 ""Moss plants can't grow tall because they are afraid of heights""
 'Moss plants are short due to lack of sunlight'
 'Moss plants are short because they rely on water diffusion for nutrient transport, which is less efficient over longer distances'
 'Due to the inefficiency of the rhizoids in absorbing water and minerals, the absence of True vascular and supporting tissues, and the need for fertilization to occur in a moist environment.'
 'The height of moss plants is limited by their inability to produce wood'
 'Mosses remain small because they are outcompeted for resources by taller plants']",H,7,,biology,stemez-Biology,Why is a moss plant restricted to a height of less thanabout 15 cm?,exact_duplicate
3034,Why does milk \textquotedblleftspoil\textquotedblright when kept in a refrigerator?,"['Enzymatic reactions with oxygen' 'Lactose crystallization'
 'Loss of refrigeration power over time' 'mesophiles'
 'Natural separation of milk components without bacterial influence'
 'Acidification from exposure to light' 'psychrophilic bacteria'
 'thermophiles' 'chemical reactions' 'Contamination from other food items']",G,6,,biology,stemez-Biology,Why does milk \textquotedblleftspoil\textquotedblright when kept in a refrigerator?,exact_duplicate
3036,Why would one call a flock of birds a \textquotedblleftsociety\textquotedblright?,"['Birds are called a society because each bird takes a turn leading the flock.'
 'Birds in a flock are unrelated'
 'A flock of birds can be considered an elementary form of society called a motion group.'
 'The collective intelligence of a flock is referred to as a society.'
 'Birds form a society to perform individual activities'
 'Flocks are called societies because they form long-term partnerships for breeding purposes.'
 'A flock of birds is called a society because they share a common habitat and resources.'
 'The term ""society"" is used because birds in a flock follow a strict pecking order.'
 'A society of birds implies that they hold regular meetings to make decisions.'
 'Flock of birds cannot communicate with each other']",C,2,,biology,stemez-Biology,Why would one call a flock of birds a \textquotedblleftsociety\textquotedblright?,exact_duplicate
3037,What are the typical periods in the unfolding of abehavioral act?,"['Appetitive behavior, exploratory behavior, quiescence'
 'Termination, appetitive behavior, exploratory behavior'
 'Appetitive behavior, consummatory act, quiescence'
 'Consummatory act, exploratory behavior, termination'
 'Appetitive behavior, termination, consummatory act'
 'Exploratory behavior, consummatory act, quiescence'
 'Quiescence, exploratory behavior, consummatory act'
 'Consummatory act, quiescence, appetitive behavior'
 'Exploratory behavior, appetitive behavior, consummatory act'
 'Appetitive behavior, consummatory act, exploratory behavior']",C,2,,biology,stemez-Biology,What are the typical periods in the unfolding of abehavioral act?,exact_duplicate
3040,What problems are posed in referring to the many forms of protozoans as belonging to one single animal phylum?,"['Protozoans can be classified into only two distinct groups based on mobility.'
 'Protozoans all live in similar habitats, which negates the need for diverse classification.'
 'Protozoans exhibit extreme diversity, taxonomic organization is problematic, and they possess certain plant-like features.'
 'Protozoans are a type of bacteria, making their classification straightforward.'
 'Protozoans are all the same'
 'All protozoans have a similar genetic makeup, which simplifies classification.'
 'Protozoans are easy to classify'
 'Protozoans are multicellular organisms, which makes them easier to classify into one phylum.'
 ""The term 'protozoan' refers to a single species with little variation, thus one phylum is sufficient.""
 'Protozoans only possess animal-like features']",C,2,,biology,stemez-Biology,What problems are posed in referring to the many forms of protozoans as belonging to one single animal phylum?,exact_duplicate
3043,Describe the structure and function of the nuclear membrane.,"['The nuclear membrane is a single layer structure'
 'The nuclear membrane has no connection with the endoplasmic reticulum'
 'The nuclear pores facilitate the movement of large particles only, such as whole organelles'
 'The nuclear membrane dissolves during interphase and reforms during mitosis'
 'The nuclear membrane is a continuous extension of the plasma membrane'
 'The nuclear pores are closed structures'
 'The nuclear membrane is composed of a single phospholipid bilayer with no associated proteins'
 'The nuclear membrane contains no pores, instead relying on transport proteins embedded in the membrane for substance exchange'
 'The nuclear membrane consists of two leaflets of membrane, one facing the nucleus and the other facing the cytoplasm, and has many nuclear pores which provide a means for nuclear-cytoplasmic communication.'
 'The nuclear membrane is completely impermeable, blocking all substances from entering or exiting the nucleus']",I,8,,biology,stemez-Biology,Describe the structure and function of the nuclear membrane.,exact_duplicate
3090,Why is a moss plant restricted to a height of less thanabout 15 cm?,"['Moss plants are limited in height by the competitive shading of taller plants'
 'Moss plants require direct sunlight, which limits their height'
 'Moss plants are restricted to a height of less than 15 cm due to the inefficiency of the rhizoids in absorbing water and minerals, absence of True vascular and supporting tissues, and the reproductive process requiring a moist environment.'
 'Moss plants are always preyed upon by insects'
 'Moss plants have weak seed dispersal mechanisms limiting their height'
 'Moss plants cannot photosynthesize effectively'
 'Moss plants rely on water absorption through leaves, which limits their height'
 'Moss plants have specialized leaves that restrict their growth'
 'Moss plants have a rapid growth rate'
 'Moss plants are genetically designed to be short']",C,2,,biology,stemez-Biology,Why is a moss plant restricted to a height of less thanabout 15 cm?,exact_duplicate
3099,"In certain abnormal conditions, the stomach does not secretehydrochloric acid. What effects might this haveon thedigestive process?","['Without HCl, more bacteria would be killed in the stomach.'
 'No HCl would lead to reduced mucus production in the stomach lining.'
 'The absence of HCl would cause the stomach to digest its own tissues.'
 'No HCl in the stomach would significantly increase the pH of the small intestine.'
 'The absence of HCl would speed up the digestive process.'
 'Lack of HCl would result in higher absorption of iron and vitamin B12.'
 'No HCl would increase the activity of gastric enzymes.'
 'Without HCl, fats would be completely indigestible.'
 'The absence of HCl would lead to some loss of protein digestion, difficulty in protein denaturation, inability to kill ingested bacteria and a decrease in pancreatic secretion.'
 'Without HCl, carbohydrates would not be digested at all.']",I,8,,biology,stemez-Biology,"In certain abnormal conditions, the stomach does not secretehydrochloric acid. What effects might this haveon thedigestive process?",exact_duplicate
3100,What are the difficulties in the classification of tissuesof higherplants?,"['Inability to observe cells'
 'Homogeneity of cell structures in all tissues'
 'Identical functional roles for all tissue types'
 'Intergrade cells, variety of cell types, unreliable maturity-based classification'
 'Tissues are too robust to be classified' 'Lack of suitable technology']",D,3,,biology,stemez-Biology,What are the difficulties in the classification of tissuesof higherplants?,exact_duplicate
3102,"In attempting to map out the climatic conditions of the biosphere, would a climatologist find it helpful to correspond withan ecologist who has mapped the vegetation formations orbiomes of the biosphere?","['Vegetation-formation mapping is unrelated to climatic mapping'
 'Climatic mapping is based exclusively on atmospheric studies without regard to vegetation'
 'Vegetation-formation mapping does provide a basis for climatic mapping'
 'Vegetation-formation mapping is only useful for soil studies, not climatic mapping'
 'Climatologists use only temperature and precipitation data, ignoring vegetation formations'
 'Climatic conditions are solely determined by geological formations, not vegetation'
 'Climatic conditions do not affect vegetation formations'
 'Climatologists do not need to use vegetation maps'
 'Vegetation maps are too imprecise to contribute to climatic studies'
 ""Ecologists' maps focus on animal populations, which do not provide information for climatic conditions""]",C,2,,biology,stemez-Biology,"In attempting to map out the climatic conditions of the biosphere, would a climatologist find it helpful to correspond withan ecologist who has mapped the vegetation formations orbiomes of the biosphere?",exact_duplicate
3144,"A newborn infant is examined by a doctor, who determines that the child has syphilis. Explain how the child con-tracted syphilis .","['The child contracted it from a medical procedure'
 'The child contracted it from another infant'
 'The child was infected due to a blood transfusion shortly after birth.'
 'The child contracted it through exposure to the bacteria in the hospital air.'
 'The child contracted it from an unclean environment'
 'The child contracted it from contact with contaminated food or water.'
 'The child contracted it through breastfeeding from an infected mother.'
 'The child contracted it from a caregiver through non-sexual skin-to-skin contact.'
 'The child inherited the bacteria genetically from the parents.'
 'An infected mother can transmit the organism by placental transfer to the fetus during the first four months of pregnancy.']",J,9,,biology,stemez-Biology,"A newborn infant is examined by a doctor, who determines that the child has syphilis. Explain how the child con-tracted syphilis .",exact_duplicate
3145,"A biologist deals with things on a microscopic level. To A biologist deals with things on a microscopic level. To describe cellular dimensions and the amount of materials present at the cellular level, units of an appropriately small size are needed. What are these units of measurements?","['The units of measurements used are picometers, decimeters, and centiliters.'
 'The units of measurements used are liters, milliliters and cubic centimeters.'
 'The units of measurements used at cellular level are micron, \\AAngstrom, milligrams, micrograms, nanograms and dalton.'
 'The units of measurements used are femtoliters, microliters, and decaliters.'
 'The units of measurements used are pounds, ounces and grams.'
 'The units of measurements used are feet, inches, and yards.'
 'The units of measurements used are hectograms, decagrams, and carats.'
 'The units of measurements used are kilometers, meters and centimeters.'
 'The units of measurements used are gigapascals, megapascals, and kilopascals.'
 'The units of measurements used are moles, molecules, and particles.']",C,2,,biology,stemez-Biology,"A biologist deals with things on a microscopic level. To A biologist deals with things on a microscopic level. To describe cellular dimensions and the amount of materials present at the cellular level, units of an appropriately small size are needed. What are these units of measurements?",exact_duplicate
3150,How are whales adapted for their life in cold waters?,"['They have gills that extract oxygen from water and help regulate body temperature'
 'They hibernate during cold weather'
 'They maintain a constant internal body temperature and have a tremendous amount of subcutaneous fat serving an insulating function'
 'They have a special layer of fur for insulation'
 'They produce antifreeze proteins to prevent their blood from freezing'
 'They utilize blubber to generate heat through a shivering mechanism']",C,2,,biology,stemez-Biology,How are whales adapted for their life in cold waters?,exact_duplicate
3151,Explain three ways in which a person's basal metabolic rate maybe determined.,"['BMR can be determined by measuring the speed of nerve conduction'
 ""BMR can be determined by measuring the amount of heat given off, indirectly measuring the amount of oxygen used, or measuring the amount of thyroxine in a person's blood.""
 'BMR can be determined by observing sleep patterns'
 'BMR can be determined by measuring body temperature'
 'BMR can be determined by calculating body mass index (BMI)'
 'BMR can be determined by testing muscle strength'
 'BMR can be determined by assessing daily calorie intake'
 'BMR can be determined by measuring skin conductivity'
 'BMR can be determined by counting heart rate']",B,1,,biology,stemez-Biology,Explain three ways in which a person's basal metabolic rate maybe determined.,exact_duplicate
3152,Explain three ways in which a person's basal metabolic rate maybe determined.,"['BMR can be determined by the amount of carbon dioxide produced in a given period of time'
 'BMR can be determined by the amount of food a person eats'
 ""BMR can be determined by measuring the amount of heat given off, indirectly measuring the amount of oxygen used in a given period of time, and measuring the amount of thyroxine present in a person's blood.""
 'BMR can be determined by the amount of exercise a person does'
 ""BMR can be determined by the person's heart rate at rest""
 'BMR can be determined by the body mass index (BMI) of a person'
 'BMR can be determined by the age and gender of a person'
 'BMR can be determined by the amount of sleep a person gets'
 'BMR can be determined by the total body water content'
 ""BMR can be determined by the person's body surface area""]",C,2,,biology,stemez-Biology,Explain three ways in which a person's basal metabolic rate maybe determined.,exact_duplicate
3189,What are some of the cues used by animal in migrating?,"['Animals use the temperature changes as cues.'
 'Animals use the color of the surroundings as cues.'
 'Animals use the noises from the environment as cues.'
 'Animals navigate by following other migrating animal species exclusively.'
 'Animals rely solely on the memory of previous migration paths.'
 'Animals use the taste of the local vegetation as a primary cue.'
 'Animals depend on the guidance of human-made structures for migration.'
 'Animals use the phase of the moon as the sole cue for migration.'
 'Animals exclusively use the position of the sun at noon for migration.'
 ""Animals use several cues in their migrations such as scent, celestial cues, and the earth's magnetic field.""]",J,9,,biology,stemez-Biology,What are some of the cues used by animal in migrating?,exact_duplicate
3190,"Define the termsAnthropoidea,Hominidaeand Hominoidea?","['Anthropoidea are the primitive primates. Hominoidea are the tailed anthropoids. Hominidae includes gorilla, chimpanzee, orangutan.'
 'Anthropoidea are the higher primates excluding humans. Hominoidea consists of the lesser apes and the gibbons. Hominidae includes all the great apes, including humans and their immediate ancestors.'
 'Anthropoidea include all extinct primate species. Hominoidea are the arboreal primates. Hominidae consists of the new world monkeys and humans.'
 'Anthropoidea are the suborder of primates excluding prosimians. Hominoidea includes all non-ape primates. Hominidae is restricted to the African great apes.'
 'Anthropoidea encompass all primates. Hominoidea refers to the lesser apes and tarsiers. Hominidae includes only the modern human species.'
 'Anthropoidea are the lower primates. Hominoidea are the small apes. Hominidae includes fossil apes and modern apes.'
 'Anthropoidea are the New World monkeys. Hominoidea are the Old World monkeys. Hominidae includes gibbons.'
 'Anthropoidea are the branch of primates including lemurs and lorises. Hominoidea are the large-bodied apes. Hominidae consists of all modern and extinct monkeys.'
 'Anthropoidea are the higher primates. The superfamily Hominoidea is represented by great apes and man. The family Hominidae includes fossil men and modern man.'
 'Anthropoidea are the subgroup of primates that are neither monkeys nor apes. Hominoidea includes all bipedal primates. Hominidae is a group composed of modern humans and Neanderthals.']",I,8,,biology,stemez-Biology,"Define the termsAnthropoidea,Hominidaeand Hominoidea?",exact_duplicate
3191,"A biology student from Nebraska, vacationing at a Virginia beach, observes that the level of activity of a fiddler crab changes with the cycle of the tides. When he brings some crabs back with him to Nebraska, he notices that a similar activity cycle is shown, yet there are no ocean beaches for miles. Explain.","[""The crab's activity cycle is influenced by barometric pressure changes""
 ""The crab's activity cycle is synchronized with the coastal tides they were originally exposed to""
 ""The crab's activity cycle is determined by the moon's gravitational pull""
 ""The crab's activity is random and shows no particular cycle""
 ""The crab's activity cycle is affected by the local environment""
 ""The crab's activity cycle is determined by artificial lighting conditions""
 ""The crab's activity cycle adapts to the nearest body of freshwater""
 ""The crab's activity cycle is influenced by the presence of sand""
 ""The crab's activity cycle is determined by the water level""
 ""The crab's activity cycle is set by the day-night cycle and unaffected by tidal patterns""]",C,2,,biology,stemez-Biology,"A biology student from Nebraska, vacationing at a Virginia beach, observes that the level of activity of a fiddler crab changes with the cycle of the tides. When he brings some crabs back with him to Nebraska, he notices that a similar activity cycle is shown, yet there are no ocean beaches for miles. Explain.",exact_duplicate
3194,Both food and air pass through the pharynx. Explain how these are channeled into the proper tubes so that the food goes into the stomach and the air goes to the lungs.,"['Air is directed into the lungs by the bronchial sphincter, while food is funneled into the esophagus by the esophageal sphincter'
 'When we swallow, the larynx moves up so that the glottis is closed by the epiglottis and the food or liquid passes into the esophagus behind the trachea. Breathing ceases momentarily during swallowing.'
 'A flap called the tracheal flap opens and closes to direct food and air into the correct tubes'
 'Food and air passages are controlled by a series of muscular valves that open and close in response to swallowing'
 'The tongue pushes food into the esophagus, while a muscular reflex diverts air into the trachea'
 'The nasal passage contracts to prevent food from entering the lungs while swallowing'
 'The diaphragm adjusts its position to guide food and air into the esophagus or trachea, respectively'
 'The larynx contracts to direct food and air into the appropriate tubes'
 'Food and air are directed by the uvula into the appropriate tubes'
 'Food and air are separated by cilia in the pharynx']",B,1,,biology,stemez-Biology,Both food and air pass through the pharynx. Explain how these are channeled into the proper tubes so that the food goes into the stomach and the air goes to the lungs.,exact_duplicate
3195,"During the courtship of the common tern, the male presents afish to another tern. Account for this behavior and discuss whycourtship in general may benecesaryfor reproduction.","['Courtship behavior serves for sexual identification, decreases aggressive tendencies for mating, necessary for egg production in some animals and for species identification.'
 'Courtship behavior is a form of combat'
 'Courtship behavior is used by terns to teach their young how to fish before they are born.'
 'Courtship behavior is used for territorial dominance'
 'Courtship behavior is a ritual that helps clean the feathers of the participating terns.'
 'Courtship behavior is used to find food sources'
 'Courtship behavior is primarily a display of physical strength to intimidate other potential competitors.'
 'Courtship behavior is a way to establish a social hierarchy within a group of terns.'
 'Courtship behavior is a method for terns to synchronize their reproductive cycles.'
 'Courtship behavior is an exercise to prepare terns for migration.']",A,0,,biology,stemez-Biology,"During the courtship of the common tern, the male presents afish to another tern. Account for this behavior and discuss whycourtship in general may benecesaryfor reproduction.",exact_duplicate
3197,What roles does glucose play in cellmetabolism ?,"['Glucose is the primary source of energy for all cells, can be converted to glycogen and stored, and can be converted into fat for storage.'
 'Glucose can only be converted into fat'
 'Glucose is exclusively used in the synthesis of amino acids'
 'Glucose can be stored only in the form of starch in human cells'
 'Glucose is only used for energy production'
 'Glucose can be directly converted into protein'
 'Glucose cannot be stored in any form'
 'Glucose is used to produce nucleic acids exclusively'
 'Glucose is only used as a structural component in cells'
 'Glucose is not involved in cell metabolism but is only a dietary fiber']",A,0,,biology,stemez-Biology,What roles does glucose play in cellmetabolism ?,exact_duplicate
3198,"Which of the following would maintain a constant body temperature in spite of changes in the environmental temperature: frog, robin, fish, dog, or lizard?","['dog, robin, fish' 'robin, dog' 'lizard, frog' 'fish, robin' 'fish, frog'
 'fish, dog, lizard' 'frog, lizard' 'dog, lizard' 'dog, fish'
 'robin, lizard']",B,1,,biology,stemez-Biology,"Which of the following would maintain a constant body temperature in spite of changes in the environmental temperature: frog, robin, fish, dog, or lizard?",exact_duplicate
3258,"Define the termsAnthropoidea,Hominidaeand Hominoidea?","['Anthropoidea are the primitive primates, Hominidae are the great apes, and Hominoidea are fossil men and modern man'
 'Anthropoidea are the cats, Hominidae are the dogs, and Hominoidea are the birds'
 'Anthropoidea are the Old World monkeys, Hominidae are the New World monkeys, and Hominoidea are the great apes'
 'Anthropoidea are the insectivores, Hominidae are the carnivores, and Hominoidea are the cetaceans'
 'Anthropoidea are the higher primates, Hominidae are fossil men and modern man, and Hominoidea are great apes and man'
 'Anthropoidea are the reptiles, Hominidae are the amphibians, and Hominoidea are the mammals excluding primates'
 'Anthropoidea are the New World monkeys, Hominidae are the Old World monkeys, and Hominoidea include all catarrhine species'
 'Anthropoidea are the great apes, Hominidae are the lesser apes, and Hominoidea are the primates excluding humans'
 'Anthropoidea include all primates, Hominidae are a subgroup of rodents, and Hominoidea are the amphibians'
 'Anthropoidea are the prosimians, Hominidae are the marsupials, and Hominoidea are the rodents']",E,4,,biology,stemez-Biology,"Define the termsAnthropoidea,Hominidaeand Hominoidea?",exact_duplicate
3259,"Why are the elements carbon, hydrogen, oxygen, and nitrogen (C, H, O, N) of immense importance in living matter ?","['These elements make up the majority of non-living matter.'
 'Carbon, hydrogen, oxygen and nitrogen are the four most abundant elements in living organisms, make up about 99 percent of the mass of most cells, and can readily form covalent bonds by electron pair sharing.'
 'These elements are rare and precious.'
 'They are noble gases that are crucial for maintaining the structure of proteins.'
 'These elements are responsible for the magnetic properties of living organisms.'
 'These elements are heavy metals that are essential for building DNA and RNA structures.'
 'These elements cannot form covalent bonds.'
 'Carbon, hydrogen, oxygen, and nitrogen are the only elements that organisms need for survival.'
 'These elements are only important for their radioactive properties.'
 'Carbon, hydrogen, oxygen, and nitrogen are the only elements that can form ionic bonds.']",B,1,,biology,stemez-Biology,"Why are the elements carbon, hydrogen, oxygen, and nitrogen (C, H, O, N) of immense importance in living matter ?",exact_duplicate
3260,What are the results of fertilization?,"['Creation of new cells' 'Initiation of meiosis in the zygote'
 'Production of energy' 'Immediate growth of the embryo into a fetus'
 'Formation of identical twin offspring every time'
 'Restoration of diploid state, initiation of zygote cleavage, sex determination, and species variation'
 'Decrease in genetic diversity of the species'
 'Duplication of parental DNA without variation' 'Initiation of mitosis'
 'Conversion of somatic cells into germ cells']",F,5,,biology,stemez-Biology,What are the results of fertilization?,exact_duplicate
3263,Describe the differences between an element and a compound.,"['Elements are compounds that consist of different atoms'
 'Compounds are substances made up of identical atoms'
 'An element is a mixture of different types of atoms, while a compound is made up of identical atoms bonded together.'
 'A compound is always in a gaseous state, whereas elements can be solids, liquids, or gases.'
 'Compounds are substances that can exist in any ratio of atoms, while elements have a fixed composition.'
 'A compound is a substance that is composed of one type of atom'
 'Elements can be separated into simpler substances by chemical means, while compounds cannot.'
 'Elements are the smallest unit of chemical matter that cannot be divided, while compounds are larger structures made of elements.'
 'Elements are substances that consist of identical atoms, while a compound is a substance composed of two or more different kinds of atoms combined in a definite weight ratio.'
 'Elements are made of molecules that consist of more than one type of atom, while compounds consist of only one type of atom.']",I,8,,biology,stemez-Biology,Describe the differences between an element and a compound.,exact_duplicate
3310,"It is observed that the chemical transmission occurring at a synapse is unidirectional that is, the neurotransmitter always travels from thepresynapticaxon to the post-synaptic dendrite . Explain why.","['The neurotransmitter is present in the axonal end of a neuron only'
 'Neurotransmitters can diffuse freely outside the synaptic cleft'
 'Neurotransmitter travels in both directions'
 'Neurotransmitter is present in the dendritic end only'
 'The synaptic cleft prevents the movement of neurotransmitters'
 'Neurotransmitter release is controlled by the post-synaptic neuron'
 'Neurotransmitters are synthesized in the synaptic cleft'
 'Neurotransmitter is not involved in this process']",A,0,,biology,stemez-Biology,"It is observed that the chemical transmission occurring at a synapse is unidirectional that is, the neurotransmitter always travels from thepresynapticaxon to the post-synaptic dendrite . Explain why.",exact_duplicate
3311,How can radioactive isotopes be used in biological research such as tracing the pathways of compounds synthesized in the living cell?,"['Radioactive isotopes can be used to change the color of cells, making them easier to observe under a microscope.'
 'Radioactive isotopes serve as catalysts to accelerate biochemical reactions without being consumed.'
 'Radioactive isotopes are used to enhance the flavor of food during sensory biological research.'
 'Radioactive isotopes are used to kill harmful bacteria in biological research.'
 'Radioactive isotopes are used as a nutrient source for cells in culture.'
 'Radioactive isotopes can be used in biological research by labeling substances to study specific metabolic pathways, determining the rates of metabolic processes in organisms, and tracking the course of complex reactions.'
 'Radioactive isotopes are used to purify water by removing toxins in biological research settings.'
 'Radioactive isotopes can be used to generate energy for biological processes.'
 'Radioactive isotopes are used to create visible light for studying biological processes.'
 'Radioactive isotopes are used to increase the speed of genetic mutations for faster evolutionary studies.']",F,5,,biology,stemez-Biology,How can radioactive isotopes be used in biological research such as tracing the pathways of compounds synthesized in the living cell?,exact_duplicate
3313,Discuss the role of a stimulus that elicits a behavior pattern.,"[""The intensity of the stimuli necessary to evoke a behavior is directly proportional to the animal's motivation""
 'Only stimuli of a social nature can elicit behavior patterns in animals'
 'Behavior patterns are random and not specifically elicited by any particular stimuli'
 'A stimulus always requires conscious recognition by the animal to elicit a behavior pattern'
 'All stimuli can elicit specific behavior patterns'
 ""A stimulus elicits a behavior pattern based solely on the physical strength of the stimulus, regardless of the animal's internal state""
 ""Sign stimuli elicit specific responses from an animal and the intensity of the stimuli necessary to evoke a behavior pattern is inversely proportional to the animal's motivation to perform that behavior.""
 'Sign stimuli suppress specific responses in an animal'
 'The frequency of a stimulus rather than its intensity determines the likelihood of eliciting a behavior pattern'
 'Stimuli that elicit behavior patterns are only effective in the presence of other, secondary stimuli']",G,6,,biology,stemez-Biology,Discuss the role of a stimulus that elicits a behavior pattern.,exact_duplicate
3314,Fiddler crabs are a dark brown color during the day and change to a pale brown color at night. Is it possible to reverse this pattern and make the crabs turn dark at night and light during the day? How?,"[""The crabs' color change can be influenced by the phase of the moon, reversing the pattern.""
 'It is possible to reset the biological clock of the crabs by artificially producing periods of light and darkness or by exposing them to ice water.'
 'Crabs can be genetically modified to reverse their day and night coloration patterns.'
 'Crabs can change color by exposure to different types of food.'
 ""The crabs' color change pattern can be reversed by playing specific sound frequencies near their habitat.""
 ""The crabs' color change is irreversible and cannot be influenced by external factors.""
 'Crabs can change color by adjusting to the temperature of the water.'
 'Crabs can change color by changing their habitat.'
 'Crabs can change color if they are exposed to certain chemicals in the water.'
 'Altering the salinity of the water can cause crabs to reverse their color change pattern.']",B,1,,biology,stemez-Biology,Fiddler crabs are a dark brown color during the day and change to a pale brown color at night. Is it possible to reverse this pattern and make the crabs turn dark at night and light during the day? How?,exact_duplicate
3315,Explain how density dependent controls of population occur.,"['Density dependent controls of population are solely a result of natural disasters such as floods and droughts'
 'Density dependent controls of population are determined by immigration exclusively'
 'Density dependent controls of population occur exclusively through disease and parasitism'
 'Density dependent controls of population are regulated by human activities such as hunting and habitat destruction only'
 'Density dependent controls of population occur through mutualism and commensalism only'
 'density dependent controls of population occur through predation, emigration, competition, and physiological and behavioral mechanisms'
 'density dependent controls of population occur only through predation'
 'density dependent controls of population occur only through competition'
 'density dependent controls of population occur only through emigration'
 'Density dependent controls of population occur only through physiological changes without any behavioral impacts']",F,5,,biology,stemez-Biology,Explain how density dependent controls of population occur.,exact_duplicate
3317,What roles does glucose play in cellmetabolism ?,"['Glucose is only used for energy production in cells'
 'Glucose is used in cells primarily to form cell wall components'
 'Glucose is not used by cells but is instead excreted as waste'
 'Glucose is the primary source of energy for all cells, can be converted to glycogen for storage, and can be converted into fat for storage.'
 'Glucose is utilized exclusively for the synthesis of amino acids in cells'
 'Glucose can only be stored as fat'
 'Glucose serves only as a signaling molecule to regulate cellular functions'
 'Glucose is only stored as glycogen in cells'
 'Glucose is only used to produce nucleic acids in cells'
 'Glucose is converted to protein directly within cells']",D,3,,biology,stemez-Biology,What roles does glucose play in cellmetabolism ?,exact_duplicate
3321,Black-headed gulls remove broken eggshells from their nests immediately after the young have hatched. Explain the biological significance of this behavior.,"['Gulls remove eggshells as a part of their feeding habit'
 'Gulls use the removed eggshells as a source of calcium for the young birds'
 'Eggshell-removing behavior is significant in that it reduces the chances of a nest being robbed, thus enhancing the survival of offspring.'
 'The removal of eggshells is a ritualistic behavior with no direct biological significance'
 'Gulls remove eggshells to reuse them for building nests'
 'Gulls remove eggshells to prevent injury to the young birds in the nest'
 'The removal of eggshells is a territorial display to deter rival gulls from the area'
 'Eggshells are removed to make space for more eggs to be laid in the same season'
 'Removing eggshells helps regulate the temperature within the nest for the young birds'
 'The gulls remove the eggshells to keep their nests clean']",C,2,,biology,stemez-Biology,Black-headed gulls remove broken eggshells from their nests immediately after the young have hatched. Explain the biological significance of this behavior.,exact_duplicate
3368,How does asexual reproduction take place in the bryophytes ?In the lower vascular plants?,"['Bryophytes and lower vascular plants reproduce asexually only through spore dispersal by wind'
 'Bryophytes reproduce by spore formation'
 'Bryophytes reproduce only sexually'
 'Lower vascular plants do not carry out asexual reproduction'
 'Lower vascular plants reproduce asexually only through fragmentation'
 'Bryophytes reproduce asexually by producing seeds'
 'Both bryophytes and lower vascular plants reproduce asexually by producing tubers'
 'Bryophytes and some lower vascular plants carry out asexual reproduction by budding, forming gemmae cups, vegetative reproduction, or formation of deciduous leaf-borne buds.'
 'Lower vascular plants use spore formation while bryophytes use binary fission'
 'Both bryophytes and lower vascular plants reproduce asexually exclusively by vegetative reproduction']",H,7,,biology,stemez-Biology,How does asexual reproduction take place in the bryophytes ?In the lower vascular plants?,exact_duplicate
3369,Describe the various land biomes that are usually encounteredby a traveler going from the equator to the arcticpolar ice cap.,"['Tropical rain forests, savannas, and tundra'
 'Tropical rain forests, deserts, and polar ice caps only'
 'Tundra, desert regions, and tropical rain forests'
 'Taiga biome, grasslands, and deserts'
 'Deciduous forests, tundra, and savannas'
 'Deciduous forests, grasslands, and tropical savannas'
 'Savannas, taiga biome, and polar ice caps'
 'Chaparral, wetlands, and taiga biome'
 'Tropical rain forests, montane forests, and arctic tundra'
 'The various land biomes encountered while traveling from the equator to the arctic polar ice cap are tropical rain forests, grassland biomes, deciduous forests, taiga biome, tundra, and desert regions.']",J,9,,biology,stemez-Biology,Describe the various land biomes that are usually encounteredby a traveler going from the equator to the arcticpolar ice cap.,exact_duplicate
3370,Why isn't a biome map of the earth a true representationof thevegetation formations found on land?,"['Biome maps only display the dominant vegetation type, ignoring the presence of other vegetation forms.'
 'Biome maps fail to consider the impact of human activities on vegetation distribution.'
 'Biome maps are often created with inaccurate data'
 'Biome maps do not include aquatic vegetation'
 'Biome maps represent political boundaries rather than natural vegetation formations.'
 'Biome maps cannot account for the effects of seasonal changes on vegetation.'
 'Biome maps are too detailed and specific, not allowing for variations within a single vegetation type.'
 'Biome maps are based solely on temperature, ignoring other climatic factors that influence vegetation.'
 'Real vegetation types usually grade one into another making it impossible to tell where one formation ends and another begins.'
 'Biome maps are typically outdated']",I,8,,biology,stemez-Biology,Why isn't a biome map of the earth a true representationof thevegetation formations found on land?,exact_duplicate
3371,Why isn't a biome map of the earth a true representationof thevegetation formations found on land?,"['Most of the formation boundaries of the earth are not distinct. Real vegetation types usually grade one into another.'
 'Biome maps exaggerate the size of desert regions'
 'Vegetation types do not merge into each other'
 'Biome maps are updated too frequently to provide a stable representation'
 'Biome maps fail to include aquatic vegetation formations'
 'Biome maps are always accurate representations of vegetation formations'
 'Biome maps represent vegetation types based on political boundaries rather than ecological characteristics'
 'Biome maps only show vegetation formations in the northern hemisphere'
 'The color-coding on biome maps does not correspond to actual vegetation types'
 'Boundaries between formations are clearly defined']",A,0,,biology,stemez-Biology,Why isn't a biome map of the earth a true representationof thevegetation formations found on land?,exact_duplicate
3372,"If a particular character in a certain species of animal were always transmitted from the mother to the offspring, but never from the father to the offspring, what could you conclude about its mode of inheritance?","['the trait is a result of genomic imprinting favoring maternal alleles'
 'the trait is a polygenic inheritance with maternal bias'
 'the trait is Y-linked' 'the trait is autosomal dominant'
 'the trait is sex-linked'
 'the trait is autosomal but influenced by maternal environmental factors'
 'an extrachromosomal trait could only be transmitted by the mother'
 'the trait is a result of paternal mitochondrial DNA'
 'the trait is autosomal recessive'
 'the trait is influenced by paternal epigenetic modifications']",G,6,,biology,stemez-Biology,"If a particular character in a certain species of animal were always transmitted from the mother to the offspring, but never from the father to the offspring, what could you conclude about its mode of inheritance?",exact_duplicate
3374,"A woman opens a can of ham and beans and suspects food poisoning . She boils the contents for half an hour. A few hours after eating the ham and beans, nausea, vomit-ing, and diarrhea set in. Explain.","['The illness was caused by pre-formed toxins from Clostridium perfringens'
 ""The woman's food poisoning was likely caused by the toxin produced by Staphylococcus aureus.""
 ""The woman's food poisoning was due to a virus""
 'The food poisoning was a result of chemical contamination from the can'
 ""The woman's symptoms were psychosomatic and not caused by the food""
 'The woman was poisoned by botulism'
 ""The woman's food poisoning was caused by a fungal infection""
 'The food poisoning was due to spoilage bacteria that were not destroyed by boiling'
 'The symptoms were caused by an allergic reaction to an ingredient in the ham and beans'
 'The nausea and vomiting were side effects of a medication the woman had taken, unrelated to the food']",B,1,,biology,stemez-Biology,"A woman opens a can of ham and beans and suspects food poisoning . She boils the contents for half an hour. A few hours after eating the ham and beans, nausea, vomit-ing, and diarrhea set in. Explain.",exact_duplicate
3375,The dorsal root of a nerve leading to the leg of a rat is severed. How will this affect the rat? How would the effect vary if the ventral root were severed instead?,"['Severing the ventral root results in loss of motor function, but sensation remains intact.'
 'Severing the dorsal root causes hyperactivity in movement, while severing the ventral root leads to increased sensation.'
 'Severing the dorsal root will lead to loss of sensation and reflex action, but if the ventral root is severed, the rat would sense the stimulation but would not be able to react.'
 'Severing the dorsal root has no impact on sensation or motor function, while severing the ventral root causes tremors.'
 ""Severing the dorsal root won't have an effect""
 'Severing the dorsal root causes a loss of motor function, whereas severing the ventral root has no effect on the rat.'
 'Both the dorsal and ventral root severing lead to enhanced reflex actions.'
 'Severing either root causes paralysis'
 'Severing the dorsal root results in enhanced sensation, but severing the ventral root causes complete paralysis.'
 'Severing the ventral root causes loss of sensation']",C,2,,biology,stemez-Biology,The dorsal root of a nerve leading to the leg of a rat is severed. How will this affect the rat? How would the effect vary if the ventral root were severed instead?,exact_duplicate
3377,Differentiate between hermaphroditism and parthenogenesis.,"['Parthenogenesis is the development of an egg without fertilization, while hermaphroditism refers to the presence within a given individual of both male and female sex organs.'
 'Parthenogenesis is the presence of both male and female sex organs in a single individual, while hermaphroditism is the development of an egg without fertilization.'
 'Parthenogenesis can only occur in plants, while hermaphroditism only occurs in animals.'
 'Hermaphroditism is the development of an egg without fertilization, while parthenogenesis refers to the presence within a given individual of both male and female sex organs.'
 'Hermaphroditism is a form of sexual reproduction involving two individuals, whereas parthenogenesis involves a single parent.'
 'Parthenogenesis involves external fertilization, while hermaphroditism involves internal self-fertilization.'
 'Parthenogenesis and hermaphroditism are both methods of asexual reproduction.'
 'Parthenogenesis results in offspring genetically identical to the parent, while hermaphroditism results in genetically diverse offspring.'
 'Hermaphroditism is the fusion of two eggs to produce offspring, while parthenogenesis is the fusion of an egg and a sperm.'
 'Hermaphroditism occurs in vertebrates only, while parthenogenesis is exclusive to invertebrates.']",A,0,,biology,stemez-Biology,Differentiate between hermaphroditism and parthenogenesis.,exact_duplicate
3416,Why does milk \textquotedblleftspoil\textquotedblright when kept in a refrigerator?,"['Milk spoils due to high temperatures'
 'Milk spoils exclusively due to the separation of fat content at lower temperatures'
 'Milk spoils because of thermophilic bacteria'
 'Psychrophilic bacteria cause milk to spoil in cool temperatures.'
 'Milk spoils as a result of exposure to light inside the refrigerator'
 'Spoilage occurs due to an increase in pH levels over time, regardless of temperature'
 'Milk spoils due to chemical reactions'
 ""Milk spoils due to oxygenation through the container's permeability""
 'Enzymatic activity from feed consumed by cows causes milk to spoil in the fridge'
 'Milk spoils because of the absorption of refrigerator odors']",D,3,,biology,stemez-Biology,Why does milk \textquotedblleftspoil\textquotedblright when kept in a refrigerator?,exact_duplicate
3417,What are some of the cues used by animal in migrating?,"['Taste, wind direction, humidity'
 'Atmospheric oxygen levels, plant growth, tidal patterns'
 'Infrared radiation, sound frequency, barometric pressure'
 'Moon phases, echo location, gravitational pull'
 'Sunlight intensity, water current, soil composition'
 'Color perception, thermal stimuli, air pressure'
 'Polarization of light, thermal gradients, atmospheric nitrogen levels'
 ""Scent, celestial clues, earth's magnetic field""
 'Ultraviolet light, seismic vibrations, electric fields'
 'Visual landmarks, sound waves, temperature']",H,7,,biology,stemez-Biology,What are some of the cues used by animal in migrating?,exact_duplicate
3418,"It is observed that the chemical transmission occurring at a synapse is unidirectional that is, the neurotransmitter always travels from thepresynapticaxon to the post-synaptic dendrite . Explain why.","['The synaptic cleft allows for bidirectional flow of neurotransmitters.'
 'Dendrites release neurotransmitters that are taken up by the axons.'
 'Neurotransmitter receptors are only located on the presynaptic axon.'
 'There are synaptic vesicles inside the dendrites of a neuron.'
 'The neurotransmitter is present in the axonal end of a neuron only and there are no synaptic vesicles inside the dendrites of a neuron.'
 'Synaptic vesicles are equally distributed in both the axonal and dendritic ends.'
 'The axonal terminal has no mechanism to release neurotransmitters.'
 'Chemical transmission is always from the dendritic end to the axonal terminal.'
 'Neurotransmitters can diffuse back into the axon after release.'
 'The neurotransmitter is present in both the axonal and dendritic ends of a neuron.']",E,4,,biology,stemez-Biology,"It is observed that the chemical transmission occurring at a synapse is unidirectional that is, the neurotransmitter always travels from thepresynapticaxon to the post-synaptic dendrite . Explain why.",exact_duplicate
3420,What prevents the stomach from being digested by itsown secretions?,"['The thick muscular wall of the stomach'
 'Antibacterial properties of stomach acid' 'Gastric juice'
 'High pH levels in the stomach' 'Presence of beneficial bacteria'
 'Mucus layer, low permeability of the membranes and continual replacement of cells'
 'Hydrochloric acid' 'Stomach lining regeneration every few days'
 'Proteolytic enzymes' 'Secretion of digestive hormones']",F,5,,biology,stemez-Biology,What prevents the stomach from being digested by itsown secretions?,exact_duplicate
3421,List and compare the tissues that support and hold together theother tissues of the body.,"[""Endocrine tissue provides the main structural support for the body's tissues.""
 'Muscular tissue supports and hold together the body'
 'Epithelial tissue holds the body together'
 'Vascular tissue, which includes veins and arteries, is the main supportive tissue of the body.'
 'Nervous tissue is the main supporting structure'
 'Reproductive tissue is the key structure for supporting and holding together the body.'
 'Connective tissue supports and holds together structures of the body and includes bone, cartilage, blood, and fibrous connective tissue.'
 'Lymphatic tissue is the sole tissue that supports and holds together other tissues of the body.'
 'Sensory tissue supports and binds all other tissues in the body.'
 'Adipose tissue is the primary tissue responsible for supporting and holding together the body.']",G,6,,biology,stemez-Biology,List and compare the tissues that support and hold together theother tissues of the body.,exact_duplicate
3423,"IfDNAaseis added to a bacterial cell, the DNA is hydrolyzed , the cell cannot make any more proteins and eventually dies. IfDNAaseis added to RNA viruses, they continue to produce new proteins. Explain.","['The virus uses a special type of DNA that is resistant to DNAase.'
 'The RNA virus is not affected by DNAase since it contains RNA, not DNA.'
 'DNAase selectively degrades only bacterial DNA, not viral DNA.'
 'The virus has a protective protein coat that prevents DNAase from reaching its genetic material.'
 'DNAase triggers a dormant state in the virus, during which it does not need to produce proteins.'
 'The virus is immune to DNAase' 'The virus contains both DNA and RNA'
 'The virus encodes for a DNAase inhibitor that protects its genetic material.'
 'The virus transforms DNAase into RNAase'
 'The virus quickly repairs its DNA after DNAase damage.']",B,1,,biology,stemez-Biology,"IfDNAaseis added to a bacterial cell, the DNA is hydrolyzed , the cell cannot make any more proteins and eventually dies. IfDNAaseis added to RNA viruses, they continue to produce new proteins. Explain.",exact_duplicate
3424,"Using conditioning, how can one determine the sensitivity of a dog's hearing to sounds of different frequencies?","['By using a controlled group of dogs not exposed to the sounds'
 'By using sensory deprivation to heighten hearing sensitivity'
 ""By observing the dog's natural behavior in different sound environments""
 'By using negative reinforcement only' 'By using operant conditioning'
 ""By measuring the dog's heart rate response to sounds""
 ""By using a placebo sound and measuring the dog's reaction""
 'By using classical conditioning'
 'By using aversive conditioning techniques'
 'By using positive reinforcement only']",E,4,,biology,stemez-Biology,"Using conditioning, how can one determine the sensitivity of a dog's hearing to sounds of different frequencies?",exact_duplicate
3425,Suppose you discovered a new species of bioluminescent worm . How could you prove that it was the worm itself and not some contaminating bacteria that was producing the light ?,"['Isolate the light-producing organ and test it in isolation from the worm'
 ""Use spectroscopy to analyze the light's wavelength signature and compare it to known bioluminescent organisms""
 'Place the light-producing substance in complete growth media or physically examine the light-emitting substance under a microscope.'
 'Treat the worm with antibiotics to see if the light production stops'
 'Conduct genetic modification to knock out suspected bioluminescent genes and observe if light production ceases'
 'Perform DNA sequencing on the worm'
 'Look for the presence of bioluminescent proteins in the worm'
 ""Compare the worm's bioluminescence with known bacterial bioluminescence patterns""
 'Observe the worm in a dark environment'
 ""Measure the intensity of light produced by the worm over time to see if it correlates with the worm's life cycle""]",C,2,,biology,stemez-Biology,Suppose you discovered a new species of bioluminescent worm . How could you prove that it was the worm itself and not some contaminating bacteria that was producing the light ?,exact_duplicate
3426,The dorsal root of a nerve leading to the leg of a rat is severed. How will this affect the rat? How would the effect vary if the ventral root were severed instead?,"[""Severing either the dorsal or ventral root will result in the rat's inability to regenerate the affected nerve.""
 'Severing the dorsal root will prevent sensory impulses from reaching the brain, resulting in loss of sensation and reflex action. Severing the ventral root will prevent motor impulses from reaching the muscles, resulting in inability to move the affected limb.'
 'Severing either root will have no effect on the rat.'
 'Severing the ventral root will cause the rat to lose control over its body temperature regulation in the affected limb.'
 'Severing the dorsal root will result in increased motor function in the affected limb, while severing the ventral root will lead to increased sensitivity to pain.'
 ""Severing the ventral root will enhance the rat's ability to move the affected limb.""
 ""Severing the dorsal root will enhance the rat's sense of touch.""
 ""Severing the dorsal root will improve the rat's coordination and balance, while severing the ventral root will lead to a loss of muscular strength.""
 ""Severing the ventral root will result in the loss of sensation in the affected limb, while severing the dorsal root will not affect the limb's functionality.""
 ""Severing the dorsal root will cause paralysis in the affected limb, whereas severing the ventral root will have no significant effect on the rat's limb function.""]",B,1,,biology,stemez-Biology,The dorsal root of a nerve leading to the leg of a rat is severed. How will this affect the rat? How would the effect vary if the ventral root were severed instead?,exact_duplicate
3428,"In the popular nursery rhyme ""Mary Had a Little Lamb"", her lambwould follow Mary wherever she went. Discuss a possi-blebiological explanation.","['Innate behavior' 'Social learning' 'Mimicry' 'Kin selection'
 'Habituation' 'Trial-and-error learning' 'Territorial instinct'
 'Conditioning' 'Instinctive aggression' 'Imprinting']",J,9,,biology,stemez-Biology,"In the popular nursery rhyme ""Mary Had a Little Lamb"", her lambwould follow Mary wherever she went. Discuss a possi-blebiological explanation.",exact_duplicate
3429,How does energy release in combustion differ fromenergy releasein aerobic respiration?,"['Combustion releases energy only in the form of light, while aerobic respiration releases energy as heat.'
 'Combustion is a biological process that takes place within living cells, while aerobic respiration is a chemical process that occurs in inanimate objects.'
 'Aerobic respiration requires external oxygen to release energy, while combustion can occur without oxygen.'
 'In combustion, energy is released primarily as mechanical work, whereas in aerobic respiration, it is released as chemical energy.'
 'Combustion does not release any energy'
 'Aerobic respiration releases more energy than combustion'
 'Energy is released all at once in both processes'
 'In combustion, energy is released rapidly as heat which could destroy a cell if released in one burst, while in aerobic respiration, the energy release is sequential, and in small packets, thus preventing damage to the cell.'
 'Aerobic respiration releases energy only in the presence of high levels of carbon dioxide, while combustion does not require carbon dioxide.'
 'Combustion can only occur at high temperatures, while aerobic respiration occurs at body temperature.']",H,7,,biology,stemez-Biology,How does energy release in combustion differ fromenergy releasein aerobic respiration?,exact_duplicate
3430,"How can one demonstrate that amino acids are used tobuild proteinsin cells, while the proteins already in the cell are usedin catabolism?","['Enzyme-linked immunosorbent assay (ELISA)'
 'Polymerase chain reaction (PCR)' 'X-ray crystallography'
 'Mass spectrometry' 'Autoradiography' 'Western blotting' 'Microscopy'
 'Chromatography' 'Fluorescence in situ hybridization (FISH)'
 'Spectroscopy']",E,4,,biology,stemez-Biology,"How can one demonstrate that amino acids are used tobuild proteinsin cells, while the proteins already in the cell are usedin catabolism?",exact_duplicate
3472,"A newborn infant is examined by a doctor, who determines that the child has syphilis. Explain how the child con-tracted syphilis .","['An infected mother can transmit syphilis by placental transfer to the fetus during the first four months of pregnancy or as the fetus passes through the infected vagina during birth.'
 'The infant contracted syphilis through exposure to infected water during the first bath'
 'The infant contracted syphilis from a contaminated vaccine'
 'The infant contracted syphilis from sharing toys with other infected children'
 'The infant contracted syphilis from an infected nurse'
 'The infant contracted syphilis from an unsanitary hospital environment'
 'The infant contracted syphilis from a genetic predisposition inherited from the parents'
 'The infant contracted syphilis from a blood transfusion shortly after birth'
 'The infant contracted syphilis from contact with an infected pet at home']",A,0,,biology,stemez-Biology,"A newborn infant is examined by a doctor, who determines that the child has syphilis. Explain how the child con-tracted syphilis .",exact_duplicate
3473,What properties of water make it an essential component of living matter?,"['Water is useful just because of its cooling properties.'
 'Water is only important for hydration.'
 ""Water's role is limited to acting as a chemical reactant in cellular processes.""
 'Water is important primarily because it contributes to the structural rigidity of cells.'
 ""Water's only function is to provide a medium for aquatic organisms.""
 'Water is essential because it is the only liquid found naturally on Earth.'
 'Water is essential only because it is a good solvent.'
 ""Water's significance is due to its high compressibility, which is vital for life.""
 'Water is the most abundant molecule in the cell, an excellent solvent for living systems, has high heat capacity, functions in heat regulation, serves as a lubricant, and aids in the transport of nutrients.'
 'Water is vital because it is the least reactive chemical compound, preventing unwanted reactions in living matter.']",I,8,,biology,stemez-Biology,What properties of water make it an essential component of living matter?,exact_duplicate
3474,Describe the various land biomes that are usually encounteredby a traveler going from the equator to the arcticpolar ice cap.,"['Tropical rain forests, mangrove swamps, coral reefs, and polar ice caps'
 'Tropical rain forests, temperate grasslands, and polar ice caps only'
 'Tropical rain forests, tundra, and desert regions'
 'Tropical rain forests, savannas, deserts, mediterranean shrublands, temperate grasslands, and arctic tundra'
 'Savannahs, deserts, temperate broadleaf forests, chaparral, and alpine biomes'
 'Grassland biomes, boreal forests, and sclerophylous bushlands'
 'Temperate deciduous forests, tropical rain forests, and tundra'
 'Tropical rain forests, montane forests, temperate coniferous forests, and permanent ice fields'
 'Tropical rain forests, desert regions, temperate deciduous forests, and arctic tundra'
 'The various land biomes encountered from the equator to the arctic polar ice cap are tropical rain forests, grassland biomes, temperate deciduous forests, the boreal forest or taiga, the tundra, desert regions, and sclerophylous bushlands.']",J,9,,biology,stemez-Biology,Describe the various land biomes that are usually encounteredby a traveler going from the equator to the arcticpolar ice cap.,exact_duplicate
3475,What is the difference between a kinesis and a taxis?,"['Kinesis and taxis are different types of animal migration.'
 'A kinesis is an undirected type of orientation, while a taxis is a directed type of orientation.'
 'Kinesis is a social behavior among animals, whereas taxis is a solitary response to environmental cues.'
 'Taxis involves a change in speed of movement in response to a stimulus, while kinesis involves a change in direction.'
 'Taxis is a learned behavior, while kinesis is an innate behavior.'
 'Kinesis is a type of behavior that changes with the intensity of a stimulus, whereas taxis does not vary with stimulus intensity.'
 'A kinesis results in movement toward a stimulus, while a taxis results in movement away from a stimulus.'
 'Both kinesis and taxis refer to the same behavioral response, with no distinguishable difference.'
 'Both kinesis and taxis are forms of directed orientation.'
 'A kinesis is a directed type of orientation, while a taxis is an undirected type of orientation.']",B,1,,biology,stemez-Biology,What is the difference between a kinesis and a taxis?,exact_duplicate
3476,What prevents the stomach from being digested by itsown secretions?,"['The stomach has a high permeability to hydrogen ions'
 'The presence of beneficial bacteria that neutralize stomach acid'
 'The stomach lining is replaced every month'
 'The stomach lining secretes digestive enzymes only when food is present'
 'The production of bile in the stomach neutralizes the digestive acids'
 'A thick layer of muscle tissue that is resistant to digestive enzymes and acids'
 'The stomach is protected by a layer of fat'
 'The mucus layer, the permeability of the membranes and the continual replacement of the cells comprising the lining all help protect the stomach from being digested by its own secretions.'
 'The stomach secretes a special hormone that prevents digestion of its own tissues'
 'The stomach contents are too acidic for the enzymes to function properly']",H,7,,biology,stemez-Biology,What prevents the stomach from being digested by itsown secretions?,exact_duplicate
3477,"In certain abnormal conditions, the stomach does not secretehydrochloric acid. What effects might this haveon thedigestive process?","['The absence of HCl would enhance protein digestion'
 'The absence of HCl would have no impact on the digestion and absorption of carbohydrates.'
 'The absence of HCl would lead to some loss of protein digestion, less direct effect on the conformation of proteins, decreased ability to kill ingested bacteria, and less stimulation of pancreatic secretion.'
 'The absence of HCl would have no effect on protein conformation'
 'The absence of HCl would stimulate the secretion of bile and pancreatic digestive enzymes.'
 'The absence of HCl would lead to better absorption of minerals and nutrients.'
 'The absence of HCl would improve the conformation and stability of proteins.'
 'The absence of HCl would increase the ability to kill ingested bacteria'
 'The absence of HCl would increase the pH levels in the stomach, enhancing the activity of pepsin.'
 'The absence of HCl would have no effect on the activation of digestive enzymes.']",C,2,,biology,stemez-Biology,"In certain abnormal conditions, the stomach does not secretehydrochloric acid. What effects might this haveon thedigestive process?",exact_duplicate
3478,"By photographic and optical means, an image can be enlarged almost indefinitely. However, most light microscopes offer magnifications of only 1000 to 1500 times the actual size, while electron microscopes offer magnifications of 100,000 times or more. Explain.","['Light microscopes offer higher magnification than electron microscopes, but electron microscopes have better resolution.'
 'Increasing magnification without increasing resolution results in a larger image that is still blurred. Electron microscopes offer resolution of details separated by .1 to .5 nanometers, which is more than a thousandfold better than light microscopes.'
 'Light microscopes can distinguish objects closer than 275 nanometers.'
 'Light microscopes use laser technology to achieve magnification levels comparable to those of electron microscopes.'
 'Electron microscopes can magnify up to 10,000 times the actual size, while light microscopes can magnify up to 2000 times.'
 'Both electron and light microscopes are capable of magnifying objects to the same degree, but electron microscopes are more expensive.'
 'Microscopes are limited by their size and weight.'
 'Electron microscopes only provide high magnification, not high resolution.'
 'The resolution limit for electron microscopes is determined by the wavelength of electrons, which cannot be improved beyond a certain point.'
 'The magnification limit of light microscopes is due to the wavelengths of visible light, while electron microscopes have no such limitation.']",B,1,,biology,stemez-Biology,"By photographic and optical means, an image can be enlarged almost indefinitely. However, most light microscopes offer magnifications of only 1000 to 1500 times the actual size, while electron microscopes offer magnifications of 100,000 times or more. Explain.",exact_duplicate
3479,What are the results of fertilization?,"['Creation of multiple cells, apoptosis, gene silencing, and evolutionary adaptation'
 'Fusion of diploid cells, onset of embryonic development, gender differentiation, and genetic stabilization'
 'Formation of a diploid cell, mitosis, meiosis, and genetic diversity'
 'Replication of somatic cells, induction of pluripotency, chromosome pairing, and alteration of genetic code'
 'Fusion of haploid sex cells, initiation of zygote cleavage, sex determination, and species variation'
 'Cell division, gene expression, DNA replication, and genetic variation'
 'Synthesis of new proteins, activation of growth factors, chromosomal crossing-over, and phenotype establishment'
 'Formation of a haploid cell, cytokinesis, tissue differentiation, and mutation introduction'
 'Cell differentiation, organogenesis, morphogenesis, and genetic recombination'
 'Combination of genetic material, activation of embryonic genes, cellular specialization, and creation of genetic clones']",E,4,,biology,stemez-Biology,What are the results of fertilization?,exact_duplicate
3480,"A woman opens a can of ham and beans and suspects food poisoning . She boils the contents for half an hour. A few hours after eating the ham and beans, nausea, vomit-ing, and diarrhea set in. Explain.","['The woman was poisoned by Clostridium botulinum toxin.'
 'The woman was allergic to an ingredient in the ham and beans.'
 'The can of ham and beans was contaminated with E. coli bacteria.'
 'The nausea, vomiting, and diarrhea were caused by a virus unrelated to the ham and beans.'
 'The woman had a normal food reaction.'
 'The woman was poisoned by a pesticide residue in the ham and beans.'
 'The woman was poisoned by Salmonella bacteria present in the ham and beans.'
 'The food was not contaminated.'
 'The woman was probably poisoned by the toxin produced by Staphylococcus aureus.'
 'The symptoms are a result of psychological factors rather than food poisoning.']",I,8,,biology,stemez-Biology,"A woman opens a can of ham and beans and suspects food poisoning . She boils the contents for half an hour. A few hours after eating the ham and beans, nausea, vomit-ing, and diarrhea set in. Explain.",exact_duplicate
3481,"Using conditioning, how can one determine the sensitivity of a dog's hearing to sounds of different frequencies?","[""By checking the dog's ear structure""
 ""By observing the dog's natural behavior""
 ""By using operant conditioning and observing the dog's response to different sound frequencies""
 'By training the dog to bark at certain frequencies'
 ""By analyzing the dog's brain waves while exposed to different frequencies""
 'By using a series of whistles with varying frequencies and observing the point of inaudibility'
 ""By measuring the dog's heart rate response to different sound frequencies""
 'By using classical conditioning and pairing sounds with a visual stimulus'
 'By using a hearing test device']",C,2,,biology,stemez-Biology,"Using conditioning, how can one determine the sensitivity of a dog's hearing to sounds of different frequencies?",exact_duplicate
3482,What is the evidence for the theory that theneurilemma sheathplays a role in the regeneration of severed nerves?,"['The role the neurilemma sheath plays in regeneration is to provide a channel for the axon to grow back to its former position. The severed axon is able to regenerate normally within the substituted conduit.'
 ""The neurilemma sheath's primary role is to provide nutrients to the regenerating axon, not to guide it""
 'The neurilemma sheath hinders the growth of the axon'
 'The neurilemma sheath degenerates and is consumed by macrophages, aiding in axon regrowth'
 'The neurilemma sheath secretes growth-inhibiting proteins that prevent axon regeneration'
 'The neurilemma sheath prevents the axon from regenerating'
 'The neurilemma sheath contracts upon nerve severance, actively blocking the path of the regrowing axon'
 'The neurilemma sheath dissolves after nerve severance, thus playing no role in regeneration'
 'The neurilemma sheath is replaced by scar tissue which facilitates the axon regeneration'
 'The neurilemma sheath has no significant role in nerve regeneration']",A,0,,biology,stemez-Biology,What is the evidence for the theory that theneurilemma sheathplays a role in the regeneration of severed nerves?,exact_duplicate
3483,How are whales adapted for their life in cold waters?,"['They produce heat through rapid movement and have a layer of reflective scales'
 'They utilize a bio-antifreeze in their blood to prevent ice crystal formation'
 'They have fins for swimming and excrete a special anti-freezing substance'
 'They have gills and a streamlined body'
 'They have a temperature regulating system and a tremendous amount of subcutaneous fat serving an insulating function.'
 'They have specialized lungs that warm incoming cold water'
 'They migrate to warmer waters during colder seasons to maintain body temperature'
 'They have fur and hibernate in winter']",E,4,,biology,stemez-Biology,How are whales adapted for their life in cold waters?,exact_duplicate
3485,What factors determine the characteristics ofparticular organismsthat exist in an ecosystem.,"['Temperature, precipitation, soil chemistry, and the types of decomposers present'
 'Only soil structure and chemistry'
 'Precipitation, temperature, and the presence of specific predator species'
 'Only temperature and precipitation'
 'Only the concentration of trace elements'
 'The types of rock formations and the pH level of water sources'
 'Temperature, soil chemistry, and light exposure'
 'Soil structure, light exposure, and the migration patterns of birds'
 'Temperature, precipitation, the structure and chemistry of the soil, and the concentration of trace elements'
 'The concentration of trace elements and the presence of certain plant species']",I,8,,biology,stemez-Biology,What factors determine the characteristics ofparticular organismsthat exist in an ecosystem.,exact_duplicate
3486,"In a certain species of flies, the male presents the female witha silken balloon before mating. Explain the evolutionary derivationof this behavior.","['The silken balloon is a territorial marker to ward off competing males.'
 'The presentation of a silken balloon to the female fly before mating is the result of the evolution of a behavior pattern, which evolved as a way to distract the female and prevent the male from being eaten during mating.'
 ""The silken balloon is used to display the male's fitness by demonstrating his ability to gather resources.""
 ""The silken balloon contains pheromones to increase the female's receptivity to mating.""
 'The silken balloon is a gift to the female'
 'The silken balloon is used by the male fly to trap the female'
 'The silken balloon is a way for the male fly to showcase his weaving skills'
 'The silken balloon acts as a decoy to confuse predators while the flies mate.'
 'The silken balloon serves as a physical barrier to protect the male from predators during mating.'
 'The silken balloon is a mechanism for the male to control the timing of mating by releasing the female when she is most fertile.']",B,1,,biology,stemez-Biology,"In a certain species of flies, the male presents the female witha silken balloon before mating. Explain the evolutionary derivationof this behavior.",exact_duplicate
3511,How does asexual reproduction take place in the bryophytes ?In the lower vascular plants?,"['Lower vascular plants reproduce asexually by fragmentation, while bryophytes do not reproduce asexually.'
 'Lower vascular plants use binary fission for asexual reproduction, while bryophytes use spores.'
 'Bryophytes and some lower vascular plants carry out asexual reproduction through budding, forming gemmae cups or vegetative reproduction.'
 'Bryophytes reproduce asexually through binary fission.'
 'Lower vascular plants reproduce asexually by producing spores.'
 'Both bryophytes and lower vascular plants reproduce asexually exclusively through spores.'
 'Bryophytes reproduce asexually by producing seeds, which is also a common method in lower vascular plants.'
 'Both bryophytes and lower vascular plants reproduce asexually by producing bulbs.'
 'Bryophytes and lower vascular plants do not reproduce asexually.'
 'Bryophytes use vegetative reproduction, while lower vascular plants reproduce asexually through the production of miniaturized adult plants.']",C,2,,biology,stemez-Biology,How does asexual reproduction take place in the bryophytes ?In the lower vascular plants?,exact_duplicate
3512,What is meant by translocation? What theories have been advanced to explain translocation in plants? Discuss the value and weakness of each.,"['Translocation is the movement of water from the roots to other parts of the plant body'
 'Translocation is the transfer of genetic material from one plant to another. Theories explaining this include grafting theory and horizontal gene transfer.'
 'Translocation is the process by which plants release oxygen into the atmosphere. Theories include the gas exchange theory and the stomatal pump theory.'
 'Theories include the capillary action theory, gravitropism, and the theory of phototropism'
 'Translocation is the process by which plants absorb sunlight through their leaves'
 'Translocation refers to the growth of new plant shoots in the spring'
 'Theories explaining translocation include the phloem loading theory, auxin transport theory, and the electric potential gradient theory'
 'Translocation is the process of photosynthesis'
 'Translocation is the movement of nutrients from the leaves to other parts of the plant body. Theories to explain this include the pressure-flow theory, cyclosis, and the theory of cytoplasmic tubules.'
 'Theories include the diffusion theory, osmosis, and the theory of cellular respiration']",I,8,,biology,stemez-Biology,What is meant by translocation? What theories have been advanced to explain translocation in plants? Discuss the value and weakness of each.,exact_duplicate
3513,What properties of water make it an essential component of living matter?,"['Water is abundant, a good solvent, regulates heat, serves as a lubricant, aids in transport of nutrients, and maintains osmotic relationships.'
 'Water is detrimental to the regulation of heat in the body.'
 'Water is a poor solvent, making it unsuitable for chemical reactions in cells.'
 'Water provides no thermal insulation and cannot dissolve gases.'
 'Water is not involved in maintaining structural integrity of biological molecules.'
 'Water is only involved in the transport of nutrients, but has no role in heat regulation or as a solvent.'
 'Water is scarce and difficult to dissolve substances in.'
 ""Water's high surface tension is detrimental to the movement of substances in living organisms.""
 'Water has a low heat capacity, which makes it ineffective in temperature regulation.'
 'Water serves no functional purpose in living organisms.']",A,0,,biology,stemez-Biology,What properties of water make it an essential component of living matter?,exact_duplicate
3514,Briefly discuss some abnormalities of the respiratory tract.,"['Migraines, epilepsy, and multiple sclerosis'
 'Gastroesophageal reflux disease (GERD), irritable bowel syndrome (IBS), and peptic ulcers'
 'Diabetes, hypertension, and stroke'
 'Tuberculosis, infections, allergic reactions such as hay fever and allergic asthma, lung cancer, emphysema, and respiratory distress syndrome are some abnormalities of the respiratory tract.'
 'Arthritis, osteoporosis, and gout'
 'Kidney stones, gallstones, and hernias'
 'Myocardial infarction, angina, and heart failure'
 'Anemia, leukemia, and lymphoma' 'Psoriasis, eczema, and acne']",D,3,,biology,stemez-Biology,Briefly discuss some abnormalities of the respiratory tract.,exact_duplicate
3515,Certain nerve gases are known to cause a breakdown of cholinesterase. How would these gases affect the human body and why?,"['Cause euphoria and hallucinations'
 'Improve memory and cognitive functions'
 'Increase physical strength and endurance'
 'Cause tremors, spasms, or even death'
 'Trigger temporary paralysis without pain'
 'Enhance sensory perception and reflexes'
 'Accelerate healing and tissue regeneration'
 'Promote weight loss and increased metabolism'
 'Induce relaxation and sleepiness'
 'Reduce pain and inflammatory responses']",D,3,,biology,stemez-Biology,Certain nerve gases are known to cause a breakdown of cholinesterase. How would these gases affect the human body and why?,exact_duplicate
3517,What is the difference between a kinesis and a taxis?,"['A kinesis results in movement toward varying intensities of a stimulus, whereas a taxis results in movement toward a constant intensity of a stimulus.'
 'A kinesis is a type of orientation directed by light, whereas a taxis is directed by chemical substances.'
 'A kinesis is a form of orientation in which the animal does not necessarily direct its body toward the stimulus, whereas a taxis is a type of orientation in which the animal directs its body toward or away from the stimulus.'
 'A kinesis is a response to a chemical stimulus, whereas a taxis is a response to a physical stimulus.'
 'A kinesis is a directional movement toward a stimulus, whereas a taxis is a non-directional response.'
 'A kinesis is a learned behavior in response to a stimulus, whereas a taxis is an innate behavior.'
 'A kinesis is when the animal moves away from the stimulus, whereas a taxis is when the animal moves towards the stimulus.'
 'A kinesis is a movement that occurs in plants, whereas a taxis is a movement that occurs in animals.'
 'A kinesis is a type of orientation in which the animal moves randomly, whereas a taxis is a form of orientation in which the animal moves in a constant direction.']",C,2,,biology,stemez-Biology,What is the difference between a kinesis and a taxis?,exact_duplicate
3518,Both food and air pass through the pharynx. Explain how these are channeled into the proper tubes so that the food goes into the stomach and the air goes to the lungs.,"['The diaphragm contracts to direct food into the esophagus and air into the trachea'
 'Food and air are channeled by the action of vocal cords that open and close the respective tubes'
 'A flap in the stomach opens to let food in, while a separate flap in the lungs allows air to enter'
 'When we swallow, the larynx moves up so that the glottis is closed by the epiglottis and the food or liquid passes into the esophagus behind the trachea. Swallowing is a complex reflex initiated when pressure receptors in the wall of the pharynx are stimulated.'
 'The bronchi contract to prevent food from entering the lungs, while the esophageal sphincter relaxes to allow food into the stomach'
 'The epiglottis directs air into the stomach and food into the lungs'
 'The trachea closes and the esophagus opens to allow food to enter the stomach and air to remain in the pharynx'
 'The soft palate rises to block the nasal passage during swallowing, guiding food into the esophagus'
 'Food and air are directed into the correct tubes by the nasal cavity'
 'Food and air are separated by the tongue']",D,3,,biology,stemez-Biology,Both food and air pass through the pharynx. Explain how these are channeled into the proper tubes so that the food goes into the stomach and the air goes to the lungs.,exact_duplicate
3519,"During the courtship of the common tern, the male presents afish to another tern. Account for this behavior and discuss whycourtship in general may benecesaryfor reproduction.","['Courtship is primarily for entertainment purposes among terns'
 'Courtship is not necessary for reproduction'
 'Courtship is a way to show dominance'
 'Courtship is a random behavior with no impact on reproduction'
 'Courtship is necessary for physical transformation required for reproduction'
 'Courtship is only for attracting the opposite sex'
 'Courtship serves for sexual identification, decreases aggressive tendencies for mating, necessary for some animals to produce eggs and establish species identification.'
 'Courtship is used to mark territory between competing terns'
 'Courtship is solely to determine the healthiest mate'
 'Courtship is a way for terns to practice flying skills']",G,6,,biology,stemez-Biology,"During the courtship of the common tern, the male presents afish to another tern. Account for this behavior and discuss whycourtship in general may benecesaryfor reproduction.",exact_duplicate
3520,Suppose you discovered a new species of bioluminescent worm . How could you prove that it was the worm itself and not some contaminating bacteria that was producing the light ?,"['Feed the worm with special food'
 'Place the light-producing substance in complete growth media or examine it under a microscope'
 'Observe the worm in a dark environment' 'Expose the worm to sunlight'
 'Treat the worm with antibiotics to eliminate potential bacteria']",B,1,,biology,stemez-Biology,Suppose you discovered a new species of bioluminescent worm . How could you prove that it was the worm itself and not some contaminating bacteria that was producing the light ?,exact_duplicate
3521,What is an organizer and how does it influence develop-ment ?,"[""An organizer is an external environmental factor that affects the embryo's development by altering gene expression""
 'An organizer is a type of cell that forms the basis of the embryo'
 'An organizer is a group of stem cells that can differentiate into any tissue type during development'
 'An organizer is a genetic code that determines the development of the embryo'
 'An organizer is a membrane protein that guides the migration of cells during embryonic development'
 'An organizer is a physical structure that directs embryonic development'
 'An organizer is a specialized region of the embryo that releases mechanical signals to shape organ formation'
 'An organizer is a chemical secreted by certain cells in the embryo, which diffuses into and influences surrounding cells, playing a role in the development of tissues such as the nervous system and the limbs.'
 'An organizer is a hormonal signal that triggers the maturation of certain embryonic tissues'
 'An organizer is a cluster of maternal effect genes that control the early stages of embryogenesis']",H,7,,biology,stemez-Biology,What is an organizer and how does it influence develop-ment ?,exact_duplicate
3522,Distinguish betweenapoenzymesandcofactors .,"['Apoenzymes can function independently as active enzymes without the need for cofactors.'
 'Both apoenzymes and cofactors are types of vitamins essential for enzymatic reactions.'
 'Apoenzymes are the protein constituent of some enzymes and cannot perform enzymatic functions without their respective cofactors, which are smaller non-protein portions. Cofactors can perform enzymatic reactions without an apoenzyme, although at a slower rate.'
 'Apoenzymes and cofactors are interchangeable terms in enzymology'
 'Cofactors cannot function without apoenzymes'
 'Apoenzymes are small organic molecules that enhance the catalytic abilities of cofactors.'
 'Apoenzymes and cofactors are both non-protein elements of an enzyme'
 'Cofactors are only required for non-enzymatic protein functions and do not interact with apoenzymes.'
 'Cofactors are the protein constituent of some enzymes and cannot perform enzymatic functions without their respective apoenzymes, which are larger protein portions.'
 'Apoenzymes are involved in the digestion of cofactors, which are dietary minerals necessary for enzyme activity.']",C,2,,biology,stemez-Biology,Distinguish betweenapoenzymesandcofactors .,exact_duplicate
3523,Why would you not expect conjugation among a group of paramecia that had descended from a single individual through repeated fission?,"['conjugation results in no genetic diversity'
 'conjugation requires more than two organisms'
 'all individuals are identical genetically, and conjugation could not occur'
 'repeated fission in paramecia results in sterile offspring that cannot conjugate'
 'the group of paramecia lacks the cellular structures necessary for conjugation'
 'conjugation is only possible in the presence of a specific chemical signal absent in this group'
 'conjugation is prevented by the environmental conditions in which the paramecia live'
 'conjugation can occur regardless of genetic similarities'
 'paramecia descended from a single individual are incapable of conjugation due to a mutation'
 'conjugation only occurs at a specific time of year which has not yet arrived']",C,2,,biology,stemez-Biology,Why would you not expect conjugation among a group of paramecia that had descended from a single individual through repeated fission?,exact_duplicate
3524,Black-headed gulls remove broken eggshells from their nests immediately after the young have hatched. Explain the biological significance of this behavior.,"[""Removing eggshells helps regulate the temperature within the nest for the chicks' comfort.""
 'The gulls remove eggshells to keep their nests clean.'
 'Eggshell-removing behavior reduces the chances of a nest being robbed, thus enhancing the survival of offspring.'
 'Removing eggshells is a way to create space for the hatched chicks.'
 ""The eggshells are removed as a source of calcium for the gulls' diet.""
 'Removing eggshells prevents the eggs from being eaten by predators.'
 'The behavior is a social signal to other gulls that hatching has successfully occurred.'
 'Removing eggshells is a way for the gulls to prepare the nest for future clutches of eggs.'
 'The gulls remove eggshells to reduce the scent that may attract predators.']",C,2,,biology,stemez-Biology,Black-headed gulls remove broken eggshells from their nests immediately after the young have hatched. Explain the biological significance of this behavior.,exact_duplicate
7739,Which statement is true?,"['If f′(c) ≠ 0, then f has a local maximum or minimum at (c, f(c)).'
 'If f′(c) = 0, then f has a local maximum or minimum at (c, f (c)).'
 'If f is differentiable at x = c, then f is continuous at x = c.'
 'If f(x) is discontinuous at x = c, then f might be differentiable at x = c.'
 'If f is differentiable at x = c, then f′(c) might or might not exist.'
 'If f(x) is continuous at x = c, then the graph of f has a minimum or maximum at (c, f(c)).'
 'If f(x) is continuous at x = c, then f′(c) exists.'
 'If f′′(c) = 0, then the graph of f has an inflection point at (c, f (c)).'
 'If f′(c) = 0, then f(x) is constant for all x.'
 'If f′′(c) ≠ 0, then the graph of f has an inflection point at (c, f(c)).']",C,2,,math,ori_mmlu-high_school_mathematics,Which statement is true?,exact_duplicate
8015,Which is the best buy?,"['17 bars of soap for $38.72' '16 bars of soap for $36.48'
 '12 bars of soap for $27.60' '20 bars of soap for $45.00'
 '11 bars of soap for $25.08' '10 bars of soap for $23.20'
 '15 bars of soap for $34.50' '18 bars of soap for $40.68'
 '14 bars of soap for $31.92' '13 bars of soap for $29.51']",D,3,,math,ori_mmlu-elementary_mathematics,Which is the best buy?,exact_duplicate
9039,"5.4-19. A doorman at a hotel is trying to get three taxicabs for three different couples. The arrival of empty cabs has an exponential distribution with mean 2 minutes. Assuming independence, what is the probability that the doorman will get all three couples taken care of within 6 minutes?
","['$0.7234$' '$0.5768$' '$0.5012$' '$0.6523$' '$0.3894$' '$0.6981$'
 '$0.9142$' '$0.8413$' '$0.4321$' '$0.3215$']",B,1,,math,scibench-stat,"5.4-19. A doorman at a hotel is trying to get three taxicabs for three different couples. The arrival of empty cabs has an exponential distribution with mean 2 minutes. Assuming independence, what is the probability that the doorman will get all three couples taken care of within 6 minutes?",exact_duplicate
9828,The red glow in the neon tube of an advertising sign is a result of,"['Refraction' 'de-excitation' 'Chemiluminescence' 'Thermal radiation'
 'Phosphorescence' 'polarization' 'incandescence' 'fluorescence'
 'Diffraction' 'Photoelectric effect']",B,1,,physics,ori_mmlu-conceptual_physics,The red glow in the neon tube of an advertising sign is a result of,exact_duplicate
9871,What is the source of the material that causes meteor showers?,"['Near-Earth asteroids gradually disintegrate and spread out along their orbital path. When the Earth passes through the orbit of an asteroid we are bombarded by sand-sized particles which cause a meteor shower.'
 ""The nuclei of comets gradually disintegrate and spread out along the comet's orbital path. When the Earth passes through the orbit of a comet we are bombarded by sand-sized particles which cause a meteor shower.""
 'Meteor showers are caused by the disintegration of the Oort Cloud, a theoretical cloud of predominantly icy planetesimals proposed to surround the Sun.'
 ""The nuclei of comets disintigrate as they enter Earth's atmosphere creating hundreds of bright meteors that appear to radiate from a central location in the sky.""
 ""Near-Earth asteroids disintegrate as they enter Earth's atmosphere creating hundreds of bright meteors that appear to radiate from a single location in the sky.""
 'The material causing meteor showers comes from the dust and debris left behind by passing UFOs.'
 ""Meteor showers are caused by the disintegration of space junk, or man-made debris in space, as it enters the Earth's atmosphere.""
 ""Meteor showers are caused by the disintegration of asteroids within the Earth's atmosphere, resulting in a barrage of tiny, bright meteors.""
 'Meteor showers occur when Earth passes through the path of a disintegrated planet, causing a bombardment of various-sized particles.'
 ""Meteor showers are caused by the disintegration of the Earth's moon, due to extreme temperature variations, creating debris that enters the Earth's atmosphere.""]",B,1,,physics,ori_mmlu-astronomy,What is the source of the material that causes meteor showers?,exact_duplicate
10063,Polarization is a property of,"['transverse waves.' 'Mechanical waves in solids.'
 'Light waves in a vacuum.' 'Gravitational waves.' 'None of these.'
 'longitudinal waves.' 'Sound waves in air.' 'Waves in a plasma.'
 'all waves.' 'Electromagnetic waves only.']",A,0,,physics,ori_mmlu-conceptual_physics,Polarization is a property of,exact_duplicate
10164,An electric dipole consists of a pair of equal but opposite point charges of magnitude 4.0 nC separated by a distance of 2.0 cm. What is the electric field strength at the point midway between the charges?,"['1.2 × 10^5 V/m' '2.0 × 10^6 V/m' '7.2 × 10^5 V/m' '0' '6.0 × 10^4 V/m'
 '4.5 × 10^4 V/m' '5.4 × 10^5 V/m' '3.6 × 10^5 V/m' '9.0 × 10^4 V/m'
 '1.8 × 10^5 V/m']",C,2,,physics,ori_mmlu-high_school_physics,An electric dipole consists of a pair of equal but opposite point charges of magnitude 4.0 nC separated by a distance of 2.0 cm. What is the electric field strength at the point midway between the charges?,exact_duplicate
10207,The terrestrial planet cores contain mostly metal because,"['radioactivity created metals in the core from the decay of uranium.'
 'metals were attracted to the gravitational center of the planet.'
 ""metals migrated to the center due to the planet's magnetic field.""
 'aliens positioned metals in the core during the creation of the planet.'
 ""metals were pushed to the center by the pressure of the planet's atmosphere.""
 'the entire planets are made mostly of metal.'
 'lighter elements floated to the surface, leaving metals in the core.'
 ""the planet's rotation caused heavier elements like metals to be flung to the core.""
 'metals differentiated to the center during a time when the interiors were molten throughout.'
 'metals condensed first in the solar nebula and the rocks then accreted around them.']",I,8,,physics,ori_mmlu-astronomy,The terrestrial planet cores contain mostly metal because,exact_duplicate
